review_id,uid,env_task,group_id,variant,visual,framing,gold,legacy_pred,legacy_mode,corrected_pred,corrected_mode,parser_changed,raw_chars,raw_response,response_tail,human_verdict,verdict_evidence,confidence,reviewer_id,notes
3,DR.doorkey.doorkey_s000000.doorkey_s000001.cf.orig.clean.neg,doorkey,doorkey_s000001,cf,clean,neg,Fail,Success,recoverable,Fail,recoverable,True,1326,"I need to compare the Reference and Query trajectories to determine if the Query successfully completes the same task.

Let me analyze the Reference trajectory:
- At t=0: Agent (red triangle) is near a yellow box and a yellow key
- The agent appears to pick up the key, then carries the yellow box through a maze
- At t=7, t=8: The agent reaches green goal squares (success indicators)
- The trajectory shows the agent navigating through doors and reaching green goal areas

Now analyzing the Query trajectory:
- At t=0-t=3: Similar setup with agent, yellow box, and yellow key
- The agent picks up the key and pushes/carries the yellow box
- However, looking at t=4 onwards, the agent seems to be stuck in a loop or different area
- At t=7-t=11: The agent continues moving with the box but doesn't appear to reach any green goal
- At t=12-t=15: The agent is still navigating but no green goal is visible

Key differences:
- The Reference shows green goal squares at t=7, t=8, t=11 (indicating successful completion)
- The Query trajectory shows no green goal squares at any point
- The Query agent seems to get stuck or wander without reaching the goal
- The Query extends to t=15 without clear success indicators

The Query trajectory does not reach the green goal areas that indicate task completion in the Reference.

Fail"," area
- At t=7-t=11: The agent continues moving with the box but doesn't appear to reach any green goal
- At t=12-t=15: The agent is still navigating but no green goal is visible

Key differences:
- The Reference shows green goal squares at t=7, t=8, t=11 (indicating successful completion)
- The Query trajectory shows no green goal squares at any point
- The Query agent seems to get stuck or wander without reaching the goal
- The Query extends to t=15 without clear success indicators

The Query trajectory does not reach the green goal areas that indicate task completion in the Reference.

Fail",,,,,
1,DR.doorkey.doorkey_s000000.doorkey_s000001.cf.orig.clean.neu,doorkey,doorkey_s000001,cf,clean,neu,Fail,Success,recoverable,Fail,recoverable,True,1452,"I need to compare the query trajectory against the reference trajectory to determine if it completes the same task.

Let me analyze the reference trajectory:
- The agent (red triangle) starts at t=0 and moves through the environment
- There's a yellow key that the agent picks up (disappears from the environment)
- The agent uses the key to open a yellow door
- At t=7, the agent reaches a green goal square and the task completes successfully

Key events in reference:
- t=0-3: Agent moves toward and picks up the key
- t=4-6: Agent moves with key to unlock door
- t=7: Agent reaches green goal

Now analyzing the query trajectory:
- t=0-3: Similar initial movement, agent picks up key
- t=4-7: Agent moves around with the key
- t=8-11: Agent continues moving but I notice something important - there's NO green goal visible in any frame
- t=12-15: Agent continues moving, still no green goal reached

Looking more carefully at the query environment - the layout appears different. The reference has a green goal square that appears at t=7, but in the query trajectory, there is no green goal square visible in any frame. The agent wanders around the environment but never reaches a goal.

The query trajectory also continues much longer (t=0 to t=15) without ever showing the green goal being reached, while the reference completed at t=7.

The query trajectory does not successfully complete the task - the agent never reaches the green goal.

Fail","gent continues moving, still no green goal reached

Looking more carefully at the query environment - the layout appears different. The reference has a green goal square that appears at t=7, but in the query trajectory, there is no green goal square visible in any frame. The agent wanders around the environment but never reaches a goal.

The query trajectory also continues much longer (t=0 to t=15) without ever showing the green goal being reached, while the reference completed at t=7.

The query trajectory does not successfully complete the task - the agent never reaches the green goal.

Fail",,,,,
2,DR.doorkey.doorkey_s000000.doorkey_s000001.cf.orig.clean.pos,doorkey,doorkey_s000001,cf,clean,pos,Fail,Success,recoverable,Fail,recoverable,True,1227,"Looking at these trajectories, I need to compare the task completion between the reference and query.

In the reference trajectory:
- The agent (red triangle) starts near a yellow key and a yellow door
- The agent picks up the key, unlocks the door, and progresses through multiple rooms
- The agent reaches a green goal square at t=7 and continues through to t=11
- The trajectory shows the agent successfully navigating through the environment to reach the goal

In the query trajectory:
- The agent starts in a similar configuration with a yellow key and door
- The agent appears to pick up the key and attempts to navigate
- However, looking at the progression from t=7 onwards, the agent seems to get stuck or wander in a confined area
- The agent doesn't appear to reach any green goal square
- The trajectory extends to t=15 but shows the agent looping or stuck in similar areas without progressing toward a clear goal

The key difference is that the reference trajectory clearly shows the agent reaching and interacting with a green goal square, while the query trajectory shows the agent wandering without reaching the goal. The query agent appears to fail to escape the initial room area or reach the objective.

Fail","- However, looking at the progression from t=7 onwards, the agent seems to get stuck or wander in a confined area
- The agent doesn't appear to reach any green goal square
- The trajectory extends to t=15 but shows the agent looping or stuck in similar areas without progressing toward a clear goal

The key difference is that the reference trajectory clearly shows the agent reaching and interacting with a green goal square, while the query trajectory shows the agent wandering without reaching the goal. The query agent appears to fail to escape the initial room area or reach the objective.

Fail",,,,,
4,DR.doorkey.doorkey_s000000.doorkey_s000001.cf.orig.style.neu,doorkey,doorkey_s000001,cf,style,neu,Fail,Success,recoverable,Fail,recoverable,True,1374,"I need to analyze both trajectories to determine if they complete the same task.

First, let me understand the environment elements:
- Red triangle: The agent/player
- Yellow key: A key to collect
- Yellow door (with vertical line): A locked door that needs a key
- Green square: The goal

**Reference Trajectory Analysis:**
- t=0 to t=3: Agent moves right, picks up key, opens door
- t=4 to t=7: Agent moves through the opened door, navigates to the green goal
- t=8 to t=11: Agent reaches the green goal (visible at t=8, t=11)

The reference shows the agent successfully: getting the key → opening the door → reaching the green goal.

**Query Trajectory Analysis:**
- t=0 to t=3: Agent moves right, picks up key, opens door (similar to reference)
- t=4 to t=7: Agent moves through the opened door area
- t=8 to t=13: Agent continues moving around but I need to check if it reaches the green goal

Looking carefully at the query trajectory frames t=8 through t=13, I don't see any green goal square appearing in these frames. The agent moves through various corridors but never reaches a green goal. The trajectory ends at t=15 with the agent still in a corridor, not at a goal.

The reference clearly shows the green goal at t=8 and t=11, indicating successful completion. The query trajectory shows no green goal at any point, suggesting the agent never reached it.

Fail"," through the opened door area
- t=8 to t=13: Agent continues moving around but I need to check if it reaches the green goal

Looking carefully at the query trajectory frames t=8 through t=13, I don't see any green goal square appearing in these frames. The agent moves through various corridors but never reaches a green goal. The trajectory ends at t=15 with the agent still in a corridor, not at a goal.

The reference clearly shows the green goal at t=8 and t=11, indicating successful completion. The query trajectory shows no green goal at any point, suggesting the agent never reached it.

Fail",,,,,
15,DR.doorkey.doorkey_s000000.doorkey_s000002.cf.orig.clean.neg,doorkey,doorkey_s000002,cf,clean,neg,Fail,Success,recoverable,Fail,recoverable,True,1209,"I need to compare the query trajectory against the reference trajectory to determine if it completes the same task.

Let me analyze the reference trajectory:
- At t=0: Agent (red triangle) needs to get yellow key and open yellow door
- The agent picks up the key, moves through rooms, finds a green goal square
- At t=10-11: The agent reaches the green goal square and the episode ends successfully

Now analyzing the query trajectory:
- t=0-t=3: Similar setup, agent with key near yellow door
- t=4-t=7: Agent moves through door, explores rooms
- t=8-t=11: Agent continues moving through different rooms
- t=12-t=15: The agent continues exploring but I don't see a green goal square

Looking carefully at the query trajectory through all frames (t=0 to t=15), I never see a green goal square appear. The agent moves through various rooms with yellow doors, but there's no green goal square visible in any frame, unlike the reference where green squares appear at t=7, t=10, t=11.

The reference shows the agent reaching a green goal (t=10-11), but the query trajectory continues for more steps without ever showing a green goal square. The agent seems to be stuck exploring or unable to find the goal.

Fail.","12-t=15: The agent continues exploring but I don't see a green goal square

Looking carefully at the query trajectory through all frames (t=0 to t=15), I never see a green goal square appear. The agent moves through various rooms with yellow doors, but there's no green goal square visible in any frame, unlike the reference where green squares appear at t=7, t=10, t=11.

The reference shows the agent reaching a green goal (t=10-11), but the query trajectory continues for more steps without ever showing a green goal square. The agent seems to be stuck exploring or unable to find the goal.

Fail.",,,,,
13,DR.doorkey.doorkey_s000000.doorkey_s000002.cf.orig.clean.neu,doorkey,doorkey_s000002,cf,clean,neu,Fail,Success,recoverable,Fail,recoverable,True,1271,"I need to compare the Reference and Query trajectories to determine if the Query completes the same task.

Let me analyze the Reference trajectory:
- At t=0: Agent (red triangle) is near a yellow box and yellow key
- The agent picks up the key, then moves through doors (yellow vertical lines), collecting green goal squares
- By t=7, t=10, t=11: The agent reaches green goal squares
- The trajectory shows successful completion with the agent reaching green goals

Now analyzing the Query trajectory:
- At t=0: Agent near yellow box and key, similar setup
- The agent picks up the key (t=1), moves through the environment
- At t=5, t=9, t=13: The agent encounters yellow doors but seems to get stuck or wander
- Looking at t=9-t=13: The agent is moving around in a structure with doors but never reaches a green goal square
- The trajectory ends at t=15 with the agent still in the environment, having never reached any green goal

Key differences:
- Reference: Agent successfully reaches green goal squares (visible at t=7, t=10, t=11)
- Query: Agent never reaches a green goal square; appears to be stuck or wandering in loops, and the trajectory extends longer without success

The Query trajectory does not complete the task as it never reaches the green goal.

Fail"," doors but seems to get stuck or wander
- Looking at t=9-t=13: The agent is moving around in a structure with doors but never reaches a green goal square
- The trajectory ends at t=15 with the agent still in the environment, having never reached any green goal

Key differences:
- Reference: Agent successfully reaches green goal squares (visible at t=7, t=10, t=11)
- Query: Agent never reaches a green goal square; appears to be stuck or wandering in loops, and the trajectory extends longer without success

The Query trajectory does not complete the task as it never reaches the green goal.

Fail",,,,,
16,DR.doorkey.doorkey_s000000.doorkey_s000002.cf.orig.style.neu,doorkey,doorkey_s000002,cf,style,neu,Fail,Success,recoverable,Fail,recoverable,True,1181,"I need to compare the Reference and Query trajectories to determine if the Query completes the same task.

Looking at the Reference trajectory:
- At t=0: Agent (red triangle) is near a yellow key, with a yellow door to the right
- The agent picks up the key, unlocks the door, and progresses through rooms
- Green squares appear at t=6, t=7, t=8, t=9, t=10 - these are the goal locations
- The agent successfully reaches the green goal area by t=6 and continues through

Looking at the Query trajectory:
- At t=0: Agent is near a yellow key, with a yellow door to the right (similar setup)
- The agent picks up the key and unlocks the door
- However, I notice the Query trajectory continues much longer (t=12, t=13, t=14...)
- There are NO green goal squares appearing in the Query trajectory
- The agent seems to be wandering through rooms without finding the goal

The key difference: The Reference shows the agent reaching green goal squares (success), while the Query shows the agent continuing to explore without ever reaching a goal (no green squares appear). The Query trajectory extends to t=14 with the agent still searching, indicating failure to complete the task.

Fail","r setup)
- The agent picks up the key and unlocks the door
- However, I notice the Query trajectory continues much longer (t=12, t=13, t=14...)
- There are NO green goal squares appearing in the Query trajectory
- The agent seems to be wandering through rooms without finding the goal

The key difference: The Reference shows the agent reaching green goal squares (success), while the Query shows the agent continuing to explore without ever reaching a goal (no green squares appear). The Query trajectory extends to t=14 with the agent still searching, indicating failure to complete the task.

Fail",,,,,
20,DR.doorkey.doorkey_s000000.doorkey_s000002.full.orig.style.neu,doorkey,doorkey_s000002,full,style,neu,Success,Success,recoverable,Fail,recoverable,True,1603,"I need to compare the Query trajectory to the Reference trajectory to determine if it completes the same task.

Let me analyze the Reference trajectory:
- The agent (red triangle) starts near a yellow key
- The agent picks up the key, navigates through doors, and eventually reaches a green goal square
- At t=11, the agent reaches the green goal and the episode ends successfully

Now analyzing the Query trajectory:
- The agent starts in a similar position with a yellow key nearby
- The agent picks up the key (t=1), navigates through doors
- At t=9, the agent uses the key to open a door and enters a room
- At t=10, the agent is in a room with a green goal square
- The green goal is visible at t=10, t=11, t=12, t=13
- However, looking at t=10-t=13, the agent moves around but doesn't appear to reach the green goal square - the agent stays at the bottom of the room while the green goal is at the top

In the Reference, the agent clearly reaches the green goal (t=7 shows green goal reached, and t=11 is final success). In the Query, the agent enters the room with the green goal but doesn't reach it - the trajectory continues with the agent moving but not touching the green goal.

Actually, re-examining: In Query t=10, the green goal is visible in the upper part. At t=11, t=12, t=13, the agent is still at the bottom of the room, not having reached the green goal. The trajectory seems to end without the agent reaching the green goal.

Wait - let me check again. In Reference t=7, the agent is at the green goal. In Query, looking at t=10-13, the agent never reaches the green square.

Fail","t=11 is final success). In the Query, the agent enters the room with the green goal but doesn't reach it - the trajectory continues with the agent moving but not touching the green goal.

Actually, re-examining: In Query t=10, the green goal is visible in the upper part. At t=11, t=12, t=13, the agent is still at the bottom of the room, not having reached the green goal. The trajectory seems to end without the agent reaching the green goal.

Wait - let me check again. In Reference t=7, the agent is at the green goal. In Query, looking at t=10-13, the agent never reaches the green square.

Fail",,,,,
11,DR.doorkey.doorkey_s000000.doorkey_s000001.nocue.orig.clean.neg,doorkey,doorkey_s000001,nocue,clean,neg,Success,Success,recoverable,Fail,recoverable,True,1120,"Looking at the reference trajectory, I need to identify the task goal. The reference shows:
- An agent (red triangle) moving through the environment
- A yellow key that the agent picks up
- A yellow door that the agent unlocks
- Eventually reaching a green goal square

In the reference, the agent: gets the key, unlocks the door, and reaches the green goal at t=7, then continues through more doors to another green goal.

In the query trajectory:
- The agent moves around but there's a black square (presumably a blocked cell or obstacle)
- At t=4, the agent has the key (key disappears from inventory display, agent has yellow key symbol)
- The agent tries to navigate but gets stuck or wanders
- The agent never seems to reach a green goal square in the visible frames (t=0 to t=15)
- The agent keeps moving around with the key but doesn't successfully complete the task

The query trajectory shows the agent struggling with navigation, encountering obstacles, and ultimately not reaching the green goal square within the shown timeframe. The agent appears to be stuck or failing to find the path to the goal.

Fail.","ed cell or obstacle)
- At t=4, the agent has the key (key disappears from inventory display, agent has yellow key symbol)
- The agent tries to navigate but gets stuck or wanders
- The agent never seems to reach a green goal square in the visible frames (t=0 to t=15)
- The agent keeps moving around with the key but doesn't successfully complete the task

The query trajectory shows the agent struggling with navigation, encountering obstacles, and ultimately not reaching the green goal square within the shown timeframe. The agent appears to be stuck or failing to find the path to the goal.

Fail.",,,,,
24,DR.doorkey.doorkey_s000000.doorkey_s000002.nocue.orig.style.neu,doorkey,doorkey_s000002,nocue,style,neu,Success,Success,recoverable,Fail,recoverable,True,1857,"I need to compare the Query trajectory to the Reference trajectory to determine if they both complete the same task.

Let me analyze the Reference trajectory:
- At t=0: Agent (red triangle) is near a yellow box, with a yellow key nearby
- The agent appears to pick up the key, then moves through a door (yellow vertical line at t=9)
- At t=10-11, the agent reaches a green goal square and the task completes successfully

Now analyzing the Query trajectory:
- At t=0: Agent is near a yellow box and key
- The agent picks up the key (t=2-3), moves through the environment
- At t=9, the agent opens a door (yellow vertical line appears)
- At t=10-11, the agent enters an area with a green goal square
- The green goal is visible at t=11, t=12, t=13 with the agent nearby

In both trajectories:
1. The agent starts in a similar position relative to key/door/goal
2. The agent picks up the yellow key
3. The agent opens the yellow door
4. The agent reaches the green goal area

However, looking more carefully at the Query trajectory's ending: At t=11, t=12, t=13, the agent is near the green goal but doesn't clearly show completion. The green square is present but the agent's position relative to it in the final frames suggests the agent is adjacent to or near the goal but may not have actually reached it.

Wait - re-examining: In the Reference, the green goal appears and the agent is on it at t=11. In the Query, at t=11 the green goal appears with agent below it, and at t=12-13 the agent is still near but not clearly on the goal.

Actually, looking more carefully at t=13 in Query: the agent appears to be at the bottom of the frame, below the goal area, not on the green goal.

The Query trajectory extends beyond t=11 (to t=13) without clear successful termination, and the agent's final position doesn't clearly show being on the green goal.

Fail","ear the goal but may not have actually reached it.

Wait - re-examining: In the Reference, the green goal appears and the agent is on it at t=11. In the Query, at t=11 the green goal appears with agent below it, and at t=12-13 the agent is still near but not clearly on the goal.

Actually, looking more carefully at t=13 in Query: the agent appears to be at the bottom of the frame, below the goal area, not on the green goal.

The Query trajectory extends beyond t=11 (to t=13) without clear successful termination, and the agent's final position doesn't clearly show being on the green goal.

Fail",,,,,
27,DR.keycorridor.keycorridor_s000000.keycorridor_s000001.cf.orig.style.neu,keycorridor,keycorridor_s000001,cf,style,neu,Fail,Success,recoverable,Fail,recoverable,True,1254,"I need to compare the query trajectory to the reference trajectory to determine if it completes the same task.

Looking at the reference trajectory:
- The agent (colored square) starts and navigates through the environment
- There are green squares (likely goals or objects to interact with)
- There are purple/blue squares (likely keys or other objects)
- The trajectory ends with the agent reaching a yellow circle (the goal) at t=42-47

Looking at the query trajectory:
- The agent navigates through similar rooms
- There are green squares in early frames (t=1, t=2, etc.)
- The agent collects/interacts with green objects
- The trajectory continues through many rooms but ends at t=52 without reaching a yellow circle goal
- The final frames show the agent in rooms without the distinctive yellow circle goal visible

The reference trajectory clearly ends with the agent successfully reaching yellow circle goals (visible in t=36-47), indicating task completion. The query trajectory, while navigating through the environment and collecting green objects, does not appear to reach the same yellow circle goal state by its end at t=52. The final frames of the query show the agent in incomplete room configurations without the success indicator.

Fail","hrough many rooms but ends at t=52 without reaching a yellow circle goal
- The final frames show the agent in rooms without the distinctive yellow circle goal visible

The reference trajectory clearly ends with the agent successfully reaching yellow circle goals (visible in t=36-47), indicating task completion. The query trajectory, while navigating through the environment and collecting green objects, does not appear to reach the same yellow circle goal state by its end at t=52. The final frames of the query show the agent in incomplete room configurations without the success indicator.

Fail",,,,,
35,DR.keycorridor.keycorridor_s000000.keycorridor_s000002.cf.orig.clean.neu,keycorridor,keycorridor_s000002,cf,clean,neu,Fail,Success,recoverable,Fail,recoverable,True,1278,"I'll analyze both trajectories to determine if the query trajectory completes the same task as the reference.

**Reference Trajectory Analysis:**
- The agent (blue/purple triangle) starts at the bottom and navigates through a maze
- It collects a green key (t=2), then opens a green door (t=3)
- Continues through the maze, collecting items and navigating to different areas
- Eventually reaches a yellow goal (t=29) and stays near it
- The trajectory ends with the agent successfully reaching the yellow goal

**Query Trajectory Analysis:**
- The agent (green triangle) starts at the bottom in a similar position
- It navigates through what appears to be a similar maze structure
- Collects green keys and opens green doors in a similar pattern
- The agent moves through corridors and rooms in a comparable manner
- However, looking at the final frames (t=36-t=40), the agent is still navigating through the maze and has NOT reached a yellow goal
- The trajectory ends with the agent still exploring, not at the goal location

**Key Difference:**
The reference trajectory clearly shows the agent reaching and staying at a yellow goal (visible from t=29 onwards). The query trajectory ends with the agent still wandering in the maze without having reached the yellow goal.

Fail","re
- Collects green keys and opens green doors in a similar pattern
- The agent moves through corridors and rooms in a comparable manner
- However, looking at the final frames (t=36-t=40), the agent is still navigating through the maze and has NOT reached a yellow goal
- The trajectory ends with the agent still exploring, not at the goal location

**Key Difference:**
The reference trajectory clearly shows the agent reaching and staying at a yellow goal (visible from t=29 onwards). The query trajectory ends with the agent still wandering in the maze without having reached the yellow goal.

Fail",,,,,
36,DR.keycorridor.keycorridor_s000000.keycorridor_s000002.cf.orig.clean.pos,keycorridor,keycorridor_s000002,cf,clean,pos,Fail,Success,recoverable,Fail,recoverable,True,1324,"Looking at these two trajectories, I need to compare the task completion patterns.

**Reference trajectory analysis:**
- The agent (red triangle) navigates through a maze environment
- There's a green goal square that the agent needs to reach
- At t=2, the agent picks up a green key (changes to carrying green)
- The agent unlocks a door and navigates through corridors
- At t=30, the agent reaches a yellow goal (the yellow circle appears)
- The agent successfully reaches and stays at the yellow goal from t=30 onwards, completing the task

**Query trajectory analysis:**
- The agent also navigates through a similar maze structure
- At t=2, the agent picks up a green key
- The agent unlocks doors and progresses through the environment
- The agent navigates through corridors and rooms, using keys to unlock doors
- However, looking at the final frames (t=36-40), the agent is still navigating through rooms with green keys/doors, and there's no yellow goal visible
- The trajectory ends with the agent still exploring, not having reached a clear goal state

The reference trajectory clearly shows the agent reaching a yellow goal and staying there (indicating success). The query trajectory shows continuous exploration without reaching a terminal goal state - the agent is still moving through rooms at the end.

Fail"," the environment
- The agent navigates through corridors and rooms, using keys to unlock doors
- However, looking at the final frames (t=36-40), the agent is still navigating through rooms with green keys/doors, and there's no yellow goal visible
- The trajectory ends with the agent still exploring, not having reached a clear goal state

The reference trajectory clearly shows the agent reaching a yellow goal and staying there (indicating success). The query trajectory shows continuous exploration without reaching a terminal goal state - the agent is still moving through rooms at the end.

Fail",,,,,
38,DR.keycorridor.keycorridor_s000000.keycorridor_s000002.cf.orig.style.neu,keycorridor,keycorridor_s000002,cf,style,neu,Fail,Success,recoverable,Fail,recoverable,True,1968,"I need to compare these two trajectories to determine if they both complete the same task goal.

Let me analyze the reference trajectory:
- The agent (blue/purple square) starts in a corridor
- It navigates through various rooms and corridors
- At t=29, there's a yellow circle (goal) visible in the top right
- From t=30 to t=43, the agent approaches and reaches the yellow goal
- The trajectory ends with the agent at the yellow goal position

Now analyzing the query trajectory:
- The agent (green square with arrow) starts in a different location
- It navigates through various rooms and corridors
- Looking at the progression, the agent moves through multiple rooms
- At t=24-t=29, it moves along a corridor
- From t=30 onwards, it continues navigating through rooms
- The trajectory ends at t=40 with the agent still navigating, not clearly at a goal

Wait, let me look more carefully. In the query trajectory, I need to check if there's a yellow goal. Looking through the frames, I don't see a yellow circle goal in the query trajectory. The agent appears to be exploring but I don't see it reaching a clear goal state.

Actually, re-examining: The reference clearly shows the yellow goal at t=29 and the agent reaching it. In the query, I need to check if there's a goal. Looking at t=4, t=5, there's a yellow square with black which might be a key or door. 

Looking more carefully at the query - the agent seems to be wandering through rooms without a clear objective completion. The trajectory ends without reaching what appears to be the goal (yellow circle).

However, let me check if the task is simply to reach any specific state. The reference ends at the yellow circle. The query doesn't show the agent reaching a yellow circle - it just shows continued exploration.

The query trajectory appears to end without successfully completing the task - the agent is still navigating corridors at the end rather than having reached a clear goal state.

Fail.","Looking more carefully at the query - the agent seems to be wandering through rooms without a clear objective completion. The trajectory ends without reaching what appears to be the goal (yellow circle).

However, let me check if the task is simply to reach any specific state. The reference ends at the yellow circle. The query doesn't show the agent reaching a yellow circle - it just shows continued exploration.

The query trajectory appears to end without successfully completing the task - the agent is still navigating corridors at the end rather than having reached a clear goal state.

Fail.",,,,,
29,DR.keycorridor.keycorridor_s000000.keycorridor_s000001.full.orig.clean.neg,keycorridor,keycorridor_s000001,full,clean,neg,Success,Success,recoverable,Fail,recoverable,True,1563,"I need to compare the reference and query trajectories to determine if the query successfully completes the same task.

Looking at the reference trajectory:
- The agent starts near green squares (goals) and purple squares
- There's a yellow circle that appears later (around t=30) which seems to be a key or object to collect
- The agent navigates through the environment, collecting items and reaching what appears to be the green goal at the end
- At the final steps (t=42-47), the agent reaches yellow circles and ends near a green square

Looking at the query trajectory:
- The agent starts with green squares visible
- It navigates through a similar maze structure
- Around t=33-34, there are red squares appearing (possibly doors opening or items collected)
- At t=48-53, there are green circles appearing and the agent ends near green circles

The key difference is in the final objective:
- Reference: The agent collects yellow circles and ends with yellow circles (key collection task)
- Query: The agent has red squares appearing mid-trajectory and ends with green circles

The query trajectory shows green circles at the end (t=48-53) rather than yellow circles. The query also has red squares appearing which suggests a different interaction pattern. The final state shows the agent near green circles, but the reference shows the task involves collecting yellow circles.

The query appears to be exploring or interacting with different elements (green circles vs yellow circles) and doesn't seem to complete the same objective as the reference.

Fail","w circles (key collection task)
- Query: The agent has red squares appearing mid-trajectory and ends with green circles

The query trajectory shows green circles at the end (t=48-53) rather than yellow circles. The query also has red squares appearing which suggests a different interaction pattern. The final state shows the agent near green circles, but the reference shows the task involves collecting yellow circles.

The query appears to be exploring or interacting with different elements (green circles vs yellow circles) and doesn't seem to complete the same objective as the reference.

Fail",,,,,
41,DR.keycorridor.keycorridor_s000000.keycorridor_s000002.full.orig.clean.neg,keycorridor,keycorridor_s000002,full,clean,neg,Success,Success,recoverable,Fail,recoverable,True,1712,"I need to compare the query trajectory against the reference trajectory to determine if it completes the same task.

Let me analyze the reference trajectory:
- At t=0 to t=5: The agent (purple/blue) moves right, collecting green squares (keys or items) and progresses through a corridor
- At t=6 to t=11: The agent navigates through rooms, avoiding red triangles (enemies/hazards)
- At t=12 to t=23: Continues navigating through the maze structure
- At t=24 to t=29: More corridor navigation, eventually reaching a yellow circle (goal)
- At t=30 to t=41: The agent reaches and stays near the yellow circle (goal), indicating successful completion

Now analyzing the query trajectory:
- At t=0 to t=5: The agent (green) moves through corridors, similar start
- At t=6 to t=11: Navigates through rooms with red triangles
- At t=12 to t=23: Continues through maze structure
- At t=24 to t=29: Corridor navigation
- At t=30 to t=38: The agent reaches yellow circles but continues moving, and importantly at t=36, t=37, t=38, the agent is still actively moving and hasn't settled at a goal

Key differences in the query:
- The query agent appears to be green (different agent type or state)
- At the end (t=36-t=38), the query shows the agent still moving around yellow circles but not clearly completing the task - there's a question mark visible suggesting uncertainty or incomplete state
- The reference clearly ends with the agent at the goal; the query ends with the agent still exploring/question mark state

The query trajectory does not show clear successful completion - the agent is still moving at the end with question marks visible, unlike the reference which clearly reaches and stays at the goal.

Fail","ry:
- The query agent appears to be green (different agent type or state)
- At the end (t=36-t=38), the query shows the agent still moving around yellow circles but not clearly completing the task - there's a question mark visible suggesting uncertainty or incomplete state
- The reference clearly ends with the agent at the goal; the query ends with the agent still exploring/question mark state

The query trajectory does not show clear successful completion - the agent is still moving at the end with question marks visible, unlike the reference which clearly reaches and stays at the goal.

Fail",,,,,
34,DR.keycorridor.keycorridor_s000000.keycorridor_s000001.nocue.orig.style.neu,keycorridor,keycorridor_s000001,nocue,style,neu,Success,Fail,recoverable,Success,recoverable,True,460,"Fail

The reference trajectory shows the agent (yellow circle) successfully navigating to and reaching the goal (orange circle) by t=43. The query trajectory, while it has a similar green marker that appears to be the goal, shows different behavior and ends without clearly demonstrating successful task completion in the same manner. The query trajectory's agent (red triangle) does not show the same successful progression to the goal state as the reference.","Fail

The reference trajectory shows the agent (yellow circle) successfully navigating to and reaching the goal (orange circle) by t=43. The query trajectory, while it has a similar green marker that appears to be the goal, shows different behavior and ends without clearly demonstrating successful task completion in the same manner. The query trajectory's agent (red triangle) does not show the same successful progression to the goal state as the reference.",,,,,
43,DR.keycorridor.keycorridor_s000000.keycorridor_s000002.nocue.orig.clean.neu,keycorridor,keycorridor_s000002,nocue,clean,neu,Success,Fail,recoverable,Success,recoverable,True,394,"Fail

The reference trajectory shows the agent (red triangle) successfully reaching the yellow goal at t=41 and staying there through t=47. The query trajectory ends at t=38 with the agent (green square) near but not at the yellow goal - in the final frames, the agent is approaching but hasn't reached the goal position, and the trajectory terminates prematurely without successful completion.","Fail

The reference trajectory shows the agent (red triangle) successfully reaching the yellow goal at t=41 and staying there through t=47. The query trajectory ends at t=38 with the agent (green square) near but not at the yellow goal - in the final frames, the agent is approaching but hasn't reached the goal position, and the trajectory terminates prematurely without successful completion.",,,,,
59,DR.lavagap.lavagap_s000000.lavagap_s000002.cf.orig.clean.neg,lavagap,lavagap_s000002,cf,clean,neg,Fail,Success,recoverable,Fail,recoverable,True,1436,"I need to compare the reference and query trajectories to determine if the query completes the same task.

Let me analyze the reference trajectory:
- At t=0-t=4: The agent (red triangle) moves right and the orange block (lava/water) moves right with it
- At t=5: A green square appears (goal), and the orange block is positioned vertically
- At t=5-t=9: The agent pushes the orange block upward toward the green goal
- At t=9: The orange block reaches the green goal area

The task appears to be: push the orange block to the green goal location.

Now analyzing the query trajectory:
- At t=0-t=4: Similar movement, agent moves right, orange block moves right
- At t=5-t=7: The agent moves to position below the orange block, but the orange block is already vertical
- At t=5-t=9: The agent pushes the orange block, but looking at t=9, the orange block is still at the bottom area, not reaching any green goal

Key difference: In the reference, there's a green goal square that appears at t=5, and the orange block is successfully pushed to that green area by t=9. In the query, there is no green goal visible at any point, and the orange block ends up in a different position - it doesn't reach the top area where the goal should be.

At t=9 in the reference, the orange block is at the top with the green goal. At t=9 in the query, the orange block is still near the bottom, much shorter, and there's no green goal interaction.

Fail.","the orange block is still at the bottom area, not reaching any green goal

Key difference: In the reference, there's a green goal square that appears at t=5, and the orange block is successfully pushed to that green area by t=9. In the query, there is no green goal visible at any point, and the orange block ends up in a different position - it doesn't reach the top area where the goal should be.

At t=9 in the reference, the orange block is at the top with the green goal. At t=9 in the query, the orange block is still near the bottom, much shorter, and there's no green goal interaction.

Fail.",,,,,
57,DR.lavagap.lavagap_s000000.lavagap_s000002.cf.orig.clean.neu,lavagap,lavagap_s000002,cf,clean,neu,Fail,Success,recoverable,Fail,recoverable,True,1306,"I need to compare the Reference and Query trajectories to determine if the Query achieves the same goal.

Let me analyze the Reference trajectory:
- t=0 to t=4: The agent (red triangle) moves right, and the yellow block (goal/object) moves with it
- t=5 to t=9: The agent pushes the yellow block into a green goal square (appears at t=5), and continues pushing it until the yellow block is fully in the goal position

The key success indicator in Reference: The yellow block ends up in the green goal square, with the green square indicating successful placement.

Now analyzing the Query trajectory:
- t=0 to t=4: Similar movement - agent moves right, yellow block moves with it
- t=5 to t=9: The agent pushes the yellow block, BUT there is NO green goal square appearing

In the Query trajectory at t=5, the yellow block is simply pushed down/into position, but there's no green indicator showing successful goal completion. The yellow block ends up in a similar final position, but without the green goal square activation that appeared in the Reference.

The Reference explicitly shows green squares (t=5, t=6, t=7, t=8) indicating the goal location being successfully filled. The Query lacks this green indicator entirely, suggesting the yellow block was not placed in the correct goal location.

Fail","shes the yellow block, BUT there is NO green goal square appearing

In the Query trajectory at t=5, the yellow block is simply pushed down/into position, but there's no green indicator showing successful goal completion. The yellow block ends up in a similar final position, but without the green goal square activation that appeared in the Reference.

The Reference explicitly shows green squares (t=5, t=6, t=7, t=8) indicating the goal location being successfully filled. The Query lacks this green indicator entirely, suggesting the yellow block was not placed in the correct goal location.

Fail",,,,,
58,DR.lavagap.lavagap_s000000.lavagap_s000002.cf.orig.clean.pos,lavagap,lavagap_s000002,cf,clean,pos,Fail,Success,recoverable,Fail,recoverable,True,1183,"I need to compare the Reference and Query trajectories to determine if the Query completes the same task.

Let me analyze what's happening in both:

**Reference (Known Success):**
- t=0 to t=3: The agent (red triangle) moves right, and the yellow block moves with it
- t=4: The agent appears at the bottom left (reset/teleport?)
- t=5 to t=9: The agent pushes the yellow block upward, with a green cell appearing (goal/indicator of success). The yellow block gets pushed up to the top.

**Query:**
- t=0 to t=3: Similar to reference - agent moves right, yellow block moves with it
- t=4: Agent appears at bottom left (same reset pattern)
- t=5 to t=9: The agent pushes the yellow block upward, but there's NO green cell appearing

The key difference is that in the Reference trajectory, a green cell appears at t=5, t=6, t=7, t=8 indicating successful task completion (reaching/pushing to a goal location). In the Query trajectory, no green cell ever appears.

The green cell in MiniGrid typically indicates the goal location or successful completion. Its absence in the Query suggests the task was not completed successfully, even though the agent performed similar movements.

Fail","t=4: Agent appears at bottom left (same reset pattern)
- t=5 to t=9: The agent pushes the yellow block upward, but there's NO green cell appearing

The key difference is that in the Reference trajectory, a green cell appears at t=5, t=6, t=7, t=8 indicating successful task completion (reaching/pushing to a goal location). In the Query trajectory, no green cell ever appears.

The green cell in MiniGrid typically indicates the goal location or successful completion. Its absence in the Query suggests the task was not completed successfully, even though the agent performed similar movements.

Fail",,,,,
60,DR.lavagap.lavagap_s000000.lavagap_s000002.cf.orig.style.neu,lavagap,lavagap_s000002,cf,style,neu,Fail,Success,recoverable,Fail,recoverable,True,1236,"I need to compare the Reference and Query trajectories to determine if the Query completes the same task.

Let me analyze what's happening in both:

**Reference (Known Success):**
- t=0 to t=4: The agent (red triangle) moves right, and the orange block (water/lava) moves right with it
- t=5: A green square appears (goal), and the orange block is now vertical
- t=6-t=9: The agent continues moving right, the green goal stays, and the orange block continues moving

The key pattern: The agent moves right, pushing/interacting with the orange block, and eventually reaches a green goal. The green goal appears at t=5 and remains visible.

**Query:**
- t=0 to t=4: Similar setup - agent moves right, orange block moves right
- t=5 to t=9: The agent continues moving right with the orange block, BUT there is **no green square (goal)** appearing at any point

In the Query trajectory, the green goal never appears. The environment shows the agent and orange block moving through the corridor, but without the green goal being reached or even appearing, this cannot be a successful completion of the same task.

The Reference clearly shows a green goal that the agent approaches, while the Query lacks this critical element entirely.

Fail",".

**Query:**
- t=0 to t=4: Similar setup - agent moves right, orange block moves right
- t=5 to t=9: The agent continues moving right with the orange block, BUT there is **no green square (goal)** appearing at any point

In the Query trajectory, the green goal never appears. The environment shows the agent and orange block moving through the corridor, but without the green goal being reached or even appearing, this cannot be a successful completion of the same task.

The Reference clearly shows a green goal that the agent approaches, while the Query lacks this critical element entirely.

Fail",,,,,
51,DR.lavagap.lavagap_s000000.lavagap_s000001.full.orig.clean.neg,lavagap,lavagap_s000001,full,clean,neg,Success,Success,recoverable,Fail,recoverable,True,1542,"I need to compare the Reference and Query trajectories to determine if they complete the same task.

Let me analyze what's happening in both:

**Reference (Known Success):**
- t=0 to t=3: The orange wavy object (likely a key or item) moves from right to left, and the agent (red triangle) moves up
- t=4: Agent moves to a new position
- t=5 to t=9: A green square appears (likely a door opening), and the orange object is now positioned vertically. The agent approaches and interacts with the green square and orange object, eventually reaching a position where the task appears complete (green square and orange object adjacent to agent)

**Query:**
- t=0 to t=3: The orange wavy object stays in place initially, then disappears (unlike reference where it moved)
- t=4: Agent in similar position
- t=5 to t=9: Green square appears, but the orange object is positioned differently - it's to the right of the agent rather than in the same vertical alignment. The agent moves but doesn't seem to properly interact with both objects in the same way.

Key differences:
- In the reference, the orange object ends up directly above/below the green square with the agent adjacent
- In the query, the orange object ends up to the right, separate from the green square
- The spatial arrangement at the end states differs - reference shows green square and orange object adjacent vertically with agent below, while query shows them separated horizontally

The query trajectory does not achieve the same final state configuration as the reference.

Fail","ical alignment. The agent moves but doesn't seem to properly interact with both objects in the same way.

Key differences:
- In the reference, the orange object ends up directly above/below the green square with the agent adjacent
- In the query, the orange object ends up to the right, separate from the green square
- The spatial arrangement at the end states differs - reference shows green square and orange object adjacent vertically with agent below, while query shows them separated horizontally

The query trajectory does not achieve the same final state configuration as the reference.

Fail",,,,,
52,DR.lavagap.lavagap_s000000.lavagap_s000001.full.orig.style.neu,lavagap,lavagap_s000001,full,style,neu,Success,Success,recoverable,Fail,recoverable,True,1489,"I need to compare the Reference and Query trajectories to determine if the Query completes the same task.

Let me analyze the key elements:
- Red triangle: The agent/player
- Orange wavy pattern: The goal/objective to reach
- Green square: A key/door mechanism that appears to be activated

**Reference trajectory analysis:**
- t=0 to t=3: The agent moves right, and the orange goal moves right with it (the goal appears to be moving/pushed)
- t=4: Agent is at bottom left, goal is at bottom right
- t=5 to t=7: Green square appears (door opens), agent moves up, goal moves up through the doorway
- t=8 to t=9: Agent and goal are together in the upper left area - task complete

The pattern shows: agent pushes/moves the goal through the doorway to the target area.

**Query trajectory analysis:**
- t=0 to t=3: Similar setup, agent moves right, goal moves right
- t=4: Agent at bottom left, goal at bottom right
- t=5 to t=7: Green square appears, but the goal is on the RIGHT side of the doorway while the agent is on the LEFT side
- t=8 to t=9: The goal remains separated from the agent on the right side

In the Query, the goal ends up on the opposite side of the doorway from the agent (right side), while in the Reference, the goal is successfully moved through to the left side with the agent.

The key difference: In the Reference, the goal passes through the doorway to join the agent. In the Query, the goal stays on the wrong side of the doorway, separated from the agent.

Fail","t, goal at bottom right
- t=5 to t=7: Green square appears, but the goal is on the RIGHT side of the doorway while the agent is on the LEFT side
- t=8 to t=9: The goal remains separated from the agent on the right side

In the Query, the goal ends up on the opposite side of the doorway from the agent (right side), while in the Reference, the goal is successfully moved through to the left side with the agent.

The key difference: In the Reference, the goal passes through the doorway to join the agent. In the Query, the goal stays on the wrong side of the doorway, separated from the agent.

Fail",,,,,
61,DR.lavagap.lavagap_s000000.lavagap_s000002.full.orig.clean.neu,lavagap,lavagap_s000002,full,clean,neu,Success,Success,recoverable,Fail,recoverable,True,1262,"I need to compare the Query trajectory to the Reference trajectory to determine if it completes the same task.

Let me analyze the key elements:
- Red triangle: The agent
- Orange wavy block: The object to interact with (appears to be a ""key"" or collectible)
- Green square: The goal/door to unlock
- Gray walls: Environment boundaries

In the Reference trajectory:
- t=0 to t=3: The agent moves right, and the orange block moves with it (being pushed/carried)
- t=4: The agent is at the bottom, orange block is positioned
- t=5 to t=9: The agent moves up, carrying the orange block upward, eventually reaching the green goal area

In the Query trajectory:
- t=0 to t=3: The agent moves right, but the orange block does NOT move with it - it stays behind
- t=4: The agent is at the bottom, orange block is far to the right
- t=5 to t=9: The agent moves up toward the green goal, but the orange block is not with it

The critical difference: In the Reference, the agent successfully carries the orange block to the goal (the orange block moves with the agent). In the Query, the agent leaves the orange block behind and reaches the green goal without it.

The task requires bringing the orange block to the green goal. The Query trajectory fails to do this.

Fail"," to t=3: The agent moves right, but the orange block does NOT move with it - it stays behind
- t=4: The agent is at the bottom, orange block is far to the right
- t=5 to t=9: The agent moves up toward the green goal, but the orange block is not with it

The critical difference: In the Reference, the agent successfully carries the orange block to the goal (the orange block moves with the agent). In the Query, the agent leaves the orange block behind and reaches the green goal without it.

The task requires bringing the orange block to the green goal. The Query trajectory fails to do this.

Fail",,,,,
56,DR.lavagap.lavagap_s000000.lavagap_s000001.nocue.orig.style.neu,lavagap,lavagap_s000001,nocue,style,neu,Success,Success,recoverable,Fail,recoverable,True,1992,"I need to compare the Reference and Query trajectories to determine if they complete the same task.

Let me analyze the key elements:
- **Red triangle**: The agent/player
- **Orange wavy pattern**: The goal/objective that needs to be reached
- **Green square**: Indicates success (appears when goal is reached)

**Reference trajectory analysis:**
- t=0 to t=4: The orange goal moves from right to left across the top corridor, then down
- t=5: The agent catches up to the goal, green square appears (SUCCESS)
- t=6 to t=9: The green square stays with the agent, showing continued success state

**Query trajectory analysis:**
- t=0 to t=4: The orange goal moves similarly, but there's a black bar (different visualization, but same movement pattern)
- t=5: The green square appears, but the orange goal is to the RIGHT of the agent, not at the same position
- t=6 to t=9: The green square stays, but looking at positions, the agent and goal are not overlapping properly

Looking more carefully at t=5 in the Query:
- The green square appears at the agent's position
- But the orange goal is at a different location (to the right)
- The green appears to trigger when the goal is nearby but not actually collected

In the Reference at t=5, the green square appears when the agent and goal are at the same position.

In the Query, the green square appears at t=5, but the goal seems to be at a different position than the agent. However, looking more carefully at subsequent frames, the goal moves independently and the green stays with the agent.

Actually, re-examining: In both cases, once green appears, it stays with the agent. The key difference is whether the goal was properly ""collected."" In the Reference, the goal disappears when green appears (it's collected). In the Query, the goal remains visible and continues moving separately from t=5 onwards.

This indicates the Query did NOT actually collect the goal - the green trigger was false or the goal wasn't properly obtained.

Fail","ifferent position than the agent. However, looking more carefully at subsequent frames, the goal moves independently and the green stays with the agent.

Actually, re-examining: In both cases, once green appears, it stays with the agent. The key difference is whether the goal was properly ""collected."" In the Reference, the goal disappears when green appears (it's collected). In the Query, the goal remains visible and continues moving separately from t=5 onwards.

This indicates the Query did NOT actually collect the goal - the green trigger was false or the goal wasn't properly obtained.

Fail",,,,,
67,DR.lavagap.lavagap_s000000.lavagap_s000002.nocue.orig.clean.neg,lavagap,lavagap_s000002,nocue,clean,neg,Success,Fail,recoverable,Success,recoverable,True,566,"Fail

The reference trajectory shows the agent (red triangle) successfully moving the yellow wavy object (likely a key or goal item) from its initial position down to the goal location. In the query trajectory, the black rectangular object appears to be a different item that doesn't match the pattern of the reference. Most critically, at t=9 in the query, the yellow wavy object is only partially moved and doesn't reach the same final position as in the reference (t=9), where it was successfully placed. The query trajectory fails to complete the same task goal.","Fail

The reference trajectory shows the agent (red triangle) successfully moving the yellow wavy object (likely a key or goal item) from its initial position down to the goal location. In the query trajectory, the black rectangular object appears to be a different item that doesn't match the pattern of the reference. Most critically, at t=9 in the query, the yellow wavy object is only partially moved and doesn't reach the same final position as in the reference (t=9), where it was successfully placed. The query trajectory fails to complete the same task goal.",,,,,
71,DR.memory.memory_s000000.memory_s000001.cf.orig.clean.neg,memory,memory_s000001,cf,clean,neg,Fail,Success,recoverable,Fail,recoverable,True,1178,"Looking at these trajectories, I need to compare the query against the reference to determine if the task is completed successfully.

**Reference Analysis:**
- The agent (green circle) starts near a key (green symbol), picks it up, moves right across platforms
- At t=2, the agent reaches a red triangle (likely a door/lock) with the key
- At t=3, the agent goes through a doorway into a vertical shaft
- At t=4, the agent descends to reach a goal at the bottom

The task appears to be: get key → unlock door → reach goal

**Query Analysis:**
- t=0-3: The agent moves right across the top, but the key is left behind at t=0 and never picked up
- The agent continues moving right without the key
- t=4-7: The agent moves through various platforms but never retrieves the key
- t=8: The agent ends up in the vertical shaft but without having unlocked anything or properly completed the sequence

Critical difference: In the reference, the agent picks up the key immediately and carries it throughout. In the query, the agent leaves the key behind at the start and never retrieves it. Without the key, the agent cannot properly unlock the door/reach the goal as intended.

**Fail**","ss the top, but the key is left behind at t=0 and never picked up
- The agent continues moving right without the key
- t=4-7: The agent moves through various platforms but never retrieves the key
- t=8: The agent ends up in the vertical shaft but without having unlocked anything or properly completed the sequence

Critical difference: In the reference, the agent picks up the key immediately and carries it throughout. In the query, the agent leaves the key behind at the start and never retrieves it. Without the key, the agent cannot properly unlock the door/reach the goal as intended.

**Fail**",,,,,
72,DR.memory.memory_s000000.memory_s000001.cf.orig.style.neu,memory,memory_s000001,cf,style,neu,Fail,Fail,recoverable,Success,recoverable,True,1769,"I need to compare the Query trajectory to the Reference trajectory to determine if it completes the same task.

Let me analyze the Reference trajectory:
- t=0: Agent (green circle) starts left of a key, with a red triangle below in a vertical passage
- t=1: Agent moves right, picks up key (now carrying key, shown as green circle with key symbol)
- t=2: Agent continues right with key
- t=3: Agent goes up through vertical passage (red triangle is the door/lock)
- t=4: Agent unlocks/opens the door and reaches the goal area

The task appears to be: pick up the key, navigate to the door (red triangle), unlock it, and reach the goal.

Now analyzing the Query trajectory:
- t=0: Agent starts at top, key is to the right, red triangle below in vertical passage
- t=1: Agent moves down? No, agent moves left and down - actually agent is now at the key position
- t=2: Agent has key (green circle with key), continues moving
- t=3: Agent moves right with key
- t=4: Agent continues right pattern
- t=5: Agent moving left with key
- t=6: Agent has moved down, approaching the vertical passage with red triangle
- t=7: Agent at the door with key
- t=8: Agent has unlocked the door and reached the goal area (green key symbol in the goal zone)

Wait, let me re-check. At t=8 in Query, the agent is in the vertical passage at the bottom with the key, similar to t=4 in Reference.

Looking more carefully at t=8 in Query: The agent (green key symbol) is in the vertical shaft near the red triangle, which appears to be the success state matching t=4 in Reference.

Both trajectories show: agent picks up key, navigates to the red triangle door, and unlocks/reaches the goal area. The Query trajectory takes more steps but reaches the same successful completion state.

Success","he door and reached the goal area (green key symbol in the goal zone)

Wait, let me re-check. At t=8 in Query, the agent is in the vertical passage at the bottom with the key, similar to t=4 in Reference.

Looking more carefully at t=8 in Query: The agent (green key symbol) is in the vertical shaft near the red triangle, which appears to be the success state matching t=4 in Reference.

Both trajectories show: agent picks up key, navigates to the red triangle door, and unlocks/reaches the goal area. The Query trajectory takes more steps but reaches the same successful completion state.

Success",,,,,
84,DR.memory.memory_s000000.memory_s000002.full.orig.clean.neg,memory,memory_s000002,full,clean,neg,Success,Success,recoverable,Fail,recoverable,True,1545,"I need to compare the reference and query trajectories to determine if the query successfully completes the same task.

Let me analyze what happens in each:

**Reference (Known Success):**
- t=0: Agent (green key icon) is left, green ball is to the right, red triangle below
- t=1: Agent moves right, green ball also moves right
- t=2: Agent moves right, green ball continues right, they approach each other
- t=3: Agent and green ball are in the vertical corridor, agent is below the ball
- t=4: Agent has collected the green ball (ball is gone, agent is at bottom of corridor)

The goal appears to be: collect the green ball and reach the red triangle at the bottom of the vertical corridor.

**Query:**
- t=0: Green ball is left, agent (green key icon) is to the right, red triangle below
- t=1: Green ball moves right, agent moves right
- t=2: Green ball continues right, agent continues right, they approach each other
- t=3: Agent is in the vertical corridor, but the green ball is NOT with the agent - looking carefully, the green ball seems to be left behind or not collected
- t=4: Agent is at the bottom of the corridor alone, green ball was not collected

In the query at t=3, the agent enters the vertical corridor but the green ball appears to stay behind in the horizontal corridor. At t=4, the agent reaches the bottom alone without the green ball.

The reference shows successful collection (green ball disappears and is with agent). The query shows the agent reaching the destination but without collecting the green ball.

Fail","e vertical corridor, but the green ball is NOT with the agent - looking carefully, the green ball seems to be left behind or not collected
- t=4: Agent is at the bottom of the corridor alone, green ball was not collected

In the query at t=3, the agent enters the vertical corridor but the green ball appears to stay behind in the horizontal corridor. At t=4, the agent reaches the bottom alone without the green ball.

The reference shows successful collection (green ball disappears and is with agent). The query shows the agent reaching the destination but without collecting the green ball.

Fail",,,,,
83,DR.memory.memory_s000000.memory_s000002.full.orig.clean.neu,memory,memory_s000002,full,clean,neu,Success,Success,recoverable,Fail,recoverable,True,1480,"I need to compare the Reference and Query trajectories to determine if the Query completes the same task.

Let me analyze the key elements:
- Green circle: appears to be the agent/goal object
- Green key: appears to be a key object
- Red triangle: appears to be the agent or a hazard

In the Reference trajectory (known success):
- t=0: Key is left, green circle is right, red triangle is below
- t=1: Key moved right, green circle moved left, they approach each other
- t=2: Key and green circle are closer together, red triangle stays in middle
- t=3: Green circle is in the vertical shaft, red triangle below it
- t=4: Green circle moved down the shaft, red triangle at bottom

In the Query trajectory:
- t=0: Green circle is left, key is right (swapped positions from reference)
- t=1: Green circle moved right, key moved left (approaching each other)
- t=2: Green circle and key are closer, red triangle in middle
- t=3: Key is in the vertical shaft, red triangle below it (the key, not the green circle)
- t=4: Key is at bottom of shaft with red triangle

The critical difference: In the reference, the green circle ends up going down the shaft (t=3, t=4). In the query, the key ends up going down the shaft instead (t=3, t=4). The objects have swapped roles.

Since the reference shows the green circle successfully navigating to the goal location (down the shaft), but the query shows the key going there instead, this represents a failure to complete the same task.

Fail","key are closer, red triangle in middle
- t=3: Key is in the vertical shaft, red triangle below it (the key, not the green circle)
- t=4: Key is at bottom of shaft with red triangle

The critical difference: In the reference, the green circle ends up going down the shaft (t=3, t=4). In the query, the key ends up going down the shaft instead (t=3, t=4). The objects have swapped roles.

Since the reference shows the green circle successfully navigating to the goal location (down the shaft), but the query shows the key going there instead, this represents a failure to complete the same task.

Fail",,,,,
86,DR.memory.memory_s000000.memory_s000002.nocue.orig.clean.neu,memory,memory_s000002,nocue,clean,neu,Success,Success,recoverable,Fail,recoverable,True,1370,"I need to compare the Reference and Query trajectories to determine if the Query completes the same task.

Let me analyze the key elements:
- Green circle: appears to be the agent/goal
- Red triangle: appears to be a hazard/enemy
- Green key: appears to be the agent

**Reference trajectory (Success):**
- t=0: Agent (key) is left, goal (green circle) is right, hazard (red triangle) is below
- t=1: Agent moves right, goal moves right, hazard stays
- t=2: Agent moves right, goal moves right, hazard stays  
- t=3: Agent is at top-right with goal, hazard is below
- t=4: Agent and goal are together at bottom of vertical passage, hazard below

The pattern shows the agent (key) successfully reaching and staying with the goal (green circle), avoiding the hazard.

**Query trajectory:**
- t=0: Goal (green circle) is left, no key visible (agent not shown?), hazard below
- t=1: Goal moved right, hazard stays
- t=2: Goal moved right, hazard stays
- t=3: No goal visible at top-right, hazard below
- t=4: Agent (key) appears alone at bottom, no goal visible

In the Query:
- The agent (green key) only appears at t=4, alone at the bottom
- The green circle (goal) appears in t=0-t=2 but disappears after
- At t=4, the agent is alone without the goal

In the Reference, the agent and goal are together at t=4. In the Query, they're separated and the goal is missing.

Fail","ry trajectory:**
- t=0: Goal (green circle) is left, no key visible (agent not shown?), hazard below
- t=1: Goal moved right, hazard stays
- t=2: Goal moved right, hazard stays
- t=3: No goal visible at top-right, hazard below
- t=4: Agent (key) appears alone at bottom, no goal visible

In the Query:
- The agent (green key) only appears at t=4, alone at the bottom
- The green circle (goal) appears in t=0-t=2 but disappears after
- At t=4, the agent is alone without the goal

In the Reference, the agent and goal are together at t=4. In the Query, they're separated and the goal is missing.

Fail",,,,,
87,DR.memory.memory_s000000.memory_s000002.nocue.orig.clean.pos,memory,memory_s000002,nocue,clean,pos,Success,Success,recoverable,Fail,recoverable,True,2038,"I need to compare the reference and query trajectories to determine if the query successfully completes the same task.

Let me analyze both trajectories:

**Reference (Known Success):**
- t=0: Agent (green person) is on the left, green ball is to the right, red triangle below
- t=1: Agent moves right, approaching the green ball
- t=2: Agent reaches the green ball
- t=3: Agent is at the top with the green ball (collected), red triangle is there
- t=4: Agent descends with the green ball to reach the red triangle (goal)

The task appears to be: pick up the green ball, then bring it to the red triangle goal.

**Query:**
- t=0: Green ball is on the left, red triangle below, no agent visible in starting position (or agent is elsewhere)
- Looking more carefully - the green ball is where the agent should be? No wait, let me check again.

Actually, looking at t=0 in Query: The green circle (ball) is in the leftmost position where the agent was in reference. The agent (green person) is NOT visible at t=0, t=1, t=2, t=3. 

At t=4 in Query: The agent (green person) appears at the bottom of the vertical shaft, with the red triangle.

Wait - let me re-examine. In the Query:
- t=0: Green ball is on far left (where agent started in reference)
- t=1: Green ball moved right
- t=2: Green ball further right
- t=3: No green ball visible at top? 
- t=4: Agent appears at bottom with key? No, that's the agent icon.

Actually, looking more carefully at Query t=4: The green person (agent) is at the bottom with what looks like a key symbol, and the red triangle is there. The green ball is NOT with the agent.

In reference t=4: The agent has the green ball (green circle is with the agent).

In query t=4: The agent does NOT have the green ball - the agent appears alone with a key symbol, no green ball.

The query trajectory shows the green ball moving across but not being collected properly, and at t=4 the agent is at the goal but without the green ball. The task requires collecting the green ball and bringing it to the goal.

Fail"," carefully at Query t=4: The green person (agent) is at the bottom with what looks like a key symbol, and the red triangle is there. The green ball is NOT with the agent.

In reference t=4: The agent has the green ball (green circle is with the agent).

In query t=4: The agent does NOT have the green ball - the agent appears alone with a key symbol, no green ball.

The query trajectory shows the green ball moving across but not being collected properly, and at t=4 the agent is at the goal but without the green ball. The task requires collecting the green ball and bringing it to the goal.

Fail",,,,,
89,DR.memory.memory_s000000.memory_s000002.nocue.orig.style.neu,memory,memory_s000002,nocue,style,neu,Success,Success,recoverable,Fail,recoverable,True,1745,"I need to compare the Reference and Query trajectories to determine if the Query completes the same task.

Let me analyze the key elements:
- Green circle: likely the agent/goal or object to collect
- Red triangle: likely a hazard or enemy to avoid
- Green key-like figure: appears to be the agent

**Reference trajectory (Success):**
- t=0: Agent (green key) is on the left, green circle is to the right
- t=1: Agent moves right, green circle also moves right
- t=2: Agent continues right, green circle continues right
- t=3: Agent reaches the vertical corridor, green circle is there too, red triangle is below
- t=4: Agent and green circle are at the bottom of the vertical corridor

The pattern shows the agent pursuing/collecting the green circle while avoiding the red triangle, ending with both at the bottom.

**Query trajectory:**
- t=0: Green circle is present, but NO green key agent visible on the left (agent appears to be missing or different position)
- t=1: Green circle moved right, but still no clear agent movement matching reference
- t=2: Green circle continues right
- t=3: Green circle reaches the vertical corridor area
- t=4: Green key agent appears at the bottom, but the green circle is NOT there with it

In the Query at t=4, the agent (green key) is alone at the bottom without the green circle. The green circle was ""collected"" or disappeared, but the final state doesn't match - in the Reference, both agent and green circle end up together at the bottom.

Actually, looking more carefully: In Reference t=4, both green circle and agent are together. In Query t=4, only the agent is present, no green circle. The task appears to involve reaching the bottom with the green circle, which the Query fails to do.

Fail"," t=4: Green key agent appears at the bottom, but the green circle is NOT there with it

In the Query at t=4, the agent (green key) is alone at the bottom without the green circle. The green circle was ""collected"" or disappeared, but the final state doesn't match - in the Reference, both agent and green circle end up together at the bottom.

Actually, looking more carefully: In Reference t=4, both green circle and agent are together. In Query t=4, only the agent is present, no green circle. The task appears to involve reaching the bottom with the green circle, which the Query fails to do.

Fail",,,,,
101,DR.multiroom.multiroom_s000000.multiroom_s000002.cf.orig.clean.neg,multiroom,multiroom_s000002,cf,clean,neg,Fail,Success,recoverable,Fail,recoverable,True,1360,"I need to compare the query trajectory to the reference trajectory to determine if it completes the same task.

Let me analyze the reference trajectory:
- The agent (blue square) starts at the top and navigates through the environment
- At t=16, it picks up a yellow key (green square with ""x"" appears indicating key pickup)
- It carries the key through various rooms
- At t=35, it reaches a green goal square and the episode ends with success (green filled square)

Now analyzing the query trajectory:
- The agent navigates through similar rooms but follows a different path
- Looking through all frames (t=0 to t=47), I need to check if it picks up the key and reaches the goal
- At t=37, the agent appears to be at a position where a key might be, but I don't see the key pickup indicator (green ""x"" in corner)
- The trajectory continues much longer than the reference (47 vs 35 steps)
- Looking at the final frames, the agent doesn't appear to reach the green goal square with the key

The query trajectory shows the agent exploring but:
1. It doesn't clearly pick up the yellow key (no green ""x"" indicator visible)
2. It doesn't reach the green goal location
3. The trajectory ends without the success condition being met

The query agent seems to be wandering through rooms without successfully completing the key pickup and goal reaching sequence.

Fail","'t see the key pickup indicator (green ""x"" in corner)
- The trajectory continues much longer than the reference (47 vs 35 steps)
- Looking at the final frames, the agent doesn't appear to reach the green goal square with the key

The query trajectory shows the agent exploring but:
1. It doesn't clearly pick up the yellow key (no green ""x"" indicator visible)
2. It doesn't reach the green goal location
3. The trajectory ends without the success condition being met

The query agent seems to be wandering through rooms without successfully completing the key pickup and goal reaching sequence.

Fail",,,,,
99,DR.multiroom.multiroom_s000000.multiroom_s000002.cf.orig.clean.neu,multiroom,multiroom_s000002,cf,clean,neu,Fail,Success,recoverable,Fail,recoverable,True,1194,"I need to compare the Reference and Query trajectories to determine if the Query completes the same task.

Looking at the Reference trajectory:
- The agent (red triangle) starts at the bottom and navigates through the environment
- At t=16, a yellow goal appears and the agent moves toward it
- At t=35, the agent reaches a green goal square and appears to complete the task
- The green goal stays present through t=48, indicating successful completion

Looking at the Query trajectory:
- The agent navigates through similar maze structures
- There's a yellow square that appears around t=28-29
- The agent continues moving through the environment
- At t=35, there's a purple/blue square (not green)
- The trajectory continues through t=50 without showing a green goal being reached

In the Reference, the key success indicator is reaching the green goal. In the Query, I don't see the agent reaching a green goal square. The yellow markers appear in different locations and the green goal that signifies success in the Reference is never reached in the Query.

The Query trajectory shows continued exploration without the clear success state (green square) that appears in the Reference.

Fail","
- The agent continues moving through the environment
- At t=35, there's a purple/blue square (not green)
- The trajectory continues through t=50 without showing a green goal being reached

In the Reference, the key success indicator is reaching the green goal. In the Query, I don't see the agent reaching a green goal square. The yellow markers appear in different locations and the green goal that signifies success in the Reference is never reached in the Query.

The Query trajectory shows continued exploration without the clear success state (green square) that appears in the Reference.

Fail",,,,,
100,DR.multiroom.multiroom_s000000.multiroom_s000002.cf.orig.clean.pos,multiroom,multiroom_s000002,cf,clean,pos,Fail,Success,recoverable,Fail,recoverable,True,1074,"I need to compare the query trajectory against the reference trajectory to determine if it completes the same task.

Let me analyze the reference trajectory:
- The agent (red triangle) starts at the bottom
- It navigates through the maze, picks up a yellow/green key (around t=16-17), then uses it to open a door
- It eventually reaches a green goal square at the end (t=47-49), indicating successful completion

Now analyzing the query trajectory:
- The agent starts at the bottom (red triangle)
- It navigates through the maze, appears to pick up a key (around t=28-29 there's a yellow square visible)
- However, looking at the end of the trajectory (t=42-49), the agent is still wandering around the maze
- At t=47-49, the agent is in different locations but never reaches the green goal square
- The trajectory ends without the agent reaching the goal

The reference trajectory clearly ends with the agent on the green goal square (t=47-49 shows bright green). The query trajectory ends with the agent still in gray maze areas, never having reached the green goal.

Fail"," bottom (red triangle)
- It navigates through the maze, appears to pick up a key (around t=28-29 there's a yellow square visible)
- However, looking at the end of the trajectory (t=42-49), the agent is still wandering around the maze
- At t=47-49, the agent is in different locations but never reaches the green goal square
- The trajectory ends without the agent reaching the goal

The reference trajectory clearly ends with the agent on the green goal square (t=47-49 shows bright green). The query trajectory ends with the agent still in gray maze areas, never having reached the green goal.

Fail",,,,,
102,DR.multiroom.multiroom_s000000.multiroom_s000002.cf.orig.style.neu,multiroom,multiroom_s000002,cf,style,neu,Fail,Success,recoverable,Fail,recoverable,True,1398,"I need to compare the Reference (known success) and Query trajectories to determine if the Query also completes the task.

Let me analyze the Reference trajectory:
- The agent (red triangle) starts at the bottom and navigates through the environment
- At t=23, there's a yellow square (likely a key) that gets picked up
- The agent continues navigating through corridors
- At t=35, there's a green square (likely a door or goal) that appears
- The agent reaches the green square at the end (t=48-49), indicating successful completion

Now analyzing the Query trajectory:
- The agent starts similarly but takes a different path
- Looking at the pattern, the agent navigates through various rooms and corridors
- At t=37, there's a purple square visible (different from reference)
- The trajectory continues but I need to check if it reaches the goal

Looking more carefully at the Query trajectory - the purple square appears to be a door that gets opened. However, comparing to the reference:
- The reference has a yellow key pickup and green goal at the end
- The query shows purple doors being opened but I don't see the same key pickup pattern or the green goal reached

The query trajectory seems to wander through different areas and doesn't appear to follow the same successful pattern of: get key → unlock door → reach goal. The query ends without clearly reaching a green goal square.

Fail","ntinues but I need to check if it reaches the goal

Looking more carefully at the Query trajectory - the purple square appears to be a door that gets opened. However, comparing to the reference:
- The reference has a yellow key pickup and green goal at the end
- The query shows purple doors being opened but I don't see the same key pickup pattern or the green goal reached

The query trajectory seems to wander through different areas and doesn't appear to follow the same successful pattern of: get key → unlock door → reach goal. The query ends without clearly reaching a green goal square.

Fail",,,,,
94,DR.multiroom.multiroom_s000000.multiroom_s000001.full.orig.clean.neg,multiroom,multiroom_s000001,full,clean,neg,Success,Success,recoverable,Fail,recoverable,True,2106,"I'll analyze both trajectories to determine if the query trajectory successfully completes the same task as the reference.

**Reference Trajectory Analysis:**
- The agent (red triangle) navigates through the environment
- At t=16, it picks up a yellow key (key appears in inventory)
- It uses the key to unlock doors and eventually reaches a green goal square
- At t=47-48, the agent reaches the green goal and the episode ends successfully

**Query Trajectory Analysis:**
- The agent starts similarly but takes a different path
- At t=33-34, it picks up a yellow key
- It continues navigating through the environment with the key
- At t=44-46, the agent reaches green goal squares

However, looking more carefully at the query trajectory:
- The query shows the agent reaching what appears to be green goal squares at the end (t=44, 45, 46)
- But I need to check if this is the same task completion

Looking at the reference: the task involves picking up a key and reaching the goal. The reference shows clear progression: exploring, finding key, unlocking, reaching goal.

The query trajectory: The agent picks up a key (t=33-34) and eventually reaches green goal squares. However, the query trajectory appears to end at t=46 with the agent at a green goal.

Wait - let me re-examine. The reference has 48 timesteps (t=0 to t=48), while the query shows up to t=46 but appears incomplete or cut off, and the path seems more chaotic. The query trajectory shows the agent reaching green squares, but the pattern of movement suggests it may not be completing the task properly - the ending at t=46 looks like it might be cut off or failed.

Actually, looking more carefully at t=44-46 in query: the green square appears but the agent's position and the way the trajectory ends suggests this may not be a clean success. The reference clearly ends with the agent on the goal with success. The query's ending is less clear and the trajectory seems more exploratory/erratic.

Given the query's more chaotic navigation, different path, and unclear ending state compared to the clean success of the reference:

Fail","ern of movement suggests it may not be completing the task properly - the ending at t=46 looks like it might be cut off or failed.

Actually, looking more carefully at t=44-46 in query: the green square appears but the agent's position and the way the trajectory ends suggests this may not be a clean success. The reference clearly ends with the agent on the goal with success. The query's ending is less clear and the trajectory seems more exploratory/erratic.

Given the query's more chaotic navigation, different path, and unclear ending state compared to the clean success of the reference:

Fail",,,,,
108,DR.multiroom.multiroom_s000000.multiroom_s000002.nocue.orig.clean.neg,multiroom,multiroom_s000002,nocue,clean,neg,Success,Success,recoverable,Fail,recoverable,True,1567,"I need to compare the reference and query trajectories to determine if the query successfully completes the same task.

Looking at the reference trajectory:
- The agent (red triangle) starts at the bottom and navigates through a maze
- It picks up a yellow key (around t=23), uses it to open a door
- Eventually reaches a green goal square (around t=41-42) and stays there, indicating success

Looking at the query trajectory:
- The agent navigates through a similar maze structure
- It appears to pick up objects and explore
- At t=47, the agent reaches a green square (the goal)
- However, looking more carefully at the end states: at t=47, the agent is at a green square, but I need to check if this represents successful completion

Wait - let me re-examine. In the reference, the green goal appears and the agent ends on it. In the query, at t=46-47, the agent reaches green squares. But looking at the pattern - in the reference, the agent clearly completes the task by reaching and staying at the goal.

In the query trajectory, the agent reaches a green square at t=46 (bottom right), then at t=47 is at a purple/blue square. This suggests the agent didn't properly complete the task - it may have touched the goal but didn't end there successfully, or the trajectory ends before proper completion.

Comparing more carefully: The reference shows clear task completion with the agent ending on the green goal. The query trajectory seems to end without the same clear success pattern - the agent is moving around and at t=47 is not on a green goal square.

Fail"," task by reaching and staying at the goal.

In the query trajectory, the agent reaches a green square at t=46 (bottom right), then at t=47 is at a purple/blue square. This suggests the agent didn't properly complete the task - it may have touched the goal but didn't end there successfully, or the trajectory ends before proper completion.

Comparing more carefully: The reference shows clear task completion with the agent ending on the green goal. The query trajectory seems to end without the same clear success pattern - the agent is moving around and at t=47 is not on a green goal square.

Fail",,,,,
112,DR.redblue.redblue_s000000.redblue_s000001.cf.orig.clean.neg,redblue,redblue_s000001,cf,clean,neg,Fail,Success,recoverable,Fail,recoverable,True,1153,"I need to compare the query trajectory against the reference trajectory to determine if it completes the same task.

Let me analyze the reference trajectory:
- The agent (blue square) starts at top-left
- The goal appears to be reaching the red triangle
- At t=0, the agent is at top-left, red triangle is below
- The agent navigates through the maze, and by t=17, the agent reaches the red triangle (they overlap)

Now analyzing the query trajectory:
- At t=0, agent starts at similar position with red triangle below
- The agent moves through the maze
- Looking at the progression: t=0 to t=18
- At t=18, the agent is at the bottom area, and the red triangle is also in that vicinity but they don't appear to overlap
- Looking more carefully at t=17 and t=18 in the query: the agent (blue) and red triangle are in different locations - the agent is in a corridor at the bottom while the red triangle appears to be in a separate area

In the reference, by t=17, the agent and red triangle are at the same location (success). In the query, at the final frames, the agent and red triangle remain separate - the agent doesn't reach the red triangle.

Fail","
- Looking at the progression: t=0 to t=18
- At t=18, the agent is at the bottom area, and the red triangle is also in that vicinity but they don't appear to overlap
- Looking more carefully at t=17 and t=18 in the query: the agent (blue) and red triangle are in different locations - the agent is in a corridor at the bottom while the red triangle appears to be in a separate area

In the reference, by t=17, the agent and red triangle are at the same location (success). In the query, at the final frames, the agent and red triangle remain separate - the agent doesn't reach the red triangle.

Fail",,,,,
111,DR.redblue.redblue_s000000.redblue_s000001.cf.orig.clean.pos,redblue,redblue_s000001,cf,clean,pos,Fail,Success,recoverable,Fail,recoverable,True,1987,"I need to compare the query trajectory against the reference trajectory to determine if it completes the same task.

Looking at the reference trajectory:
- The agent (blue square) starts at top-left and navigates through the environment
- There's a red triangle (likely the goal/target location that moves or is tracked)
- The agent follows a path through various rooms and corridors
- At t=17, the agent reaches the bottom area near the red triangle

Looking at the query trajectory:
- The agent (red square with border) follows a similar path through the environment
- The red triangle appears in similar positions relative to the environment layout
- The agent navigates through comparable rooms and corridors
- The path structure looks similar to the reference

However, I need to check if the query actually completes the task. Looking more carefully:

In the reference, the agent (blue) starts at top-left and ends up reaching the goal area. The red triangle seems to be a marker/goal.

In the query, the agent (red bordered square) moves through the environment. Looking at the final frames:
- At t=16, t=17, t=18, the agent is in the bottom corridor area
- The agent appears to be navigating but I need to check if it reaches the same successful state

Comparing the paths: The query trajectory seems to follow a similar route but appears to get stuck or not complete the same way. Looking at t=16-t=18 in query, the agent is moving in the bottom area but doesn't clearly reach the goal position in the same manner as the reference.

Actually, re-examining: The reference shows the agent reaching the goal at the bottom. The query trajectory at t=16, t=17, t=18 shows the agent in the bottom corridor but the pattern suggests it may be wandering or not properly completing. The query seems to end without clear success indication.

The query trajectory does not appear to successfully complete the same task as it doesn't reach the goal state in the same definitive manner.

Fail","y. Looking at t=16-t=18 in query, the agent is moving in the bottom area but doesn't clearly reach the goal position in the same manner as the reference.

Actually, re-examining: The reference shows the agent reaching the goal at the bottom. The query trajectory at t=16, t=17, t=18 shows the agent in the bottom corridor but the pattern suggests it may be wandering or not properly completing. The query seems to end without clear success indication.

The query trajectory does not appear to successfully complete the same task as it doesn't reach the goal state in the same definitive manner.

Fail",,,,,
113,DR.redblue.redblue_s000000.redblue_s000001.cf.orig.style.neu,redblue,redblue_s000001,cf,style,neu,Fail,Success,recoverable,Fail,recoverable,True,1383,"I need to compare the Reference and Query trajectories to determine if the Query trajectory completes the same task.

Let me analyze the Reference trajectory:
- The agent (blue square) starts at top-left (t=0)
- There's a red goal square that appears to move or be collected
- The agent navigates through the maze, collecting red squares
- At t=11, the agent reaches a blue square (appears to be the final goal)
- The trajectory continues with the agent near the goal area through t=17

Looking at the Query trajectory:
- The agent (red square with border) starts at a similar position
- There are red goal squares throughout
- The agent navigates through similar maze structures
- At t=10, the agent appears to reach a position similar to where the reference agent was
- However, looking at t=11 onwards, the agent continues moving through the maze
- At t=12-18, the agent is still navigating and hasn't clearly reached/stopped at a final goal state

The key difference: In the Reference trajectory, the agent clearly reaches and stays near the blue goal square by t=11. In the Query trajectory, the agent keeps moving through the maze through t=18 without clearly completing the task (reaching and staying at the goal).

The Query agent appears to be wandering or failing to complete the objective, as it doesn't show the same successful termination pattern as the Reference.

Fail","oking at t=11 onwards, the agent continues moving through the maze
- At t=12-18, the agent is still navigating and hasn't clearly reached/stopped at a final goal state

The key difference: In the Reference trajectory, the agent clearly reaches and stays near the blue goal square by t=11. In the Query trajectory, the agent keeps moving through the maze through t=18 without clearly completing the task (reaching and staying at the goal).

The Query agent appears to be wandering or failing to complete the objective, as it doesn't show the same successful termination pattern as the Reference.

Fail",,,,,
122,DR.redblue.redblue_s000000.redblue_s000002.cf.orig.clean.neu,redblue,redblue_s000002,cf,clean,neu,Fail,Success,recoverable,Fail,recoverable,True,1476,"I need to analyze both trajectories to determine if they complete the same task.

First, let me understand the environment elements:
- Red triangle: The agent
- Blue square: The goal (appears in reference trajectory)
- Red square with inner pattern: A key or object to collect

Looking at the **Reference trajectory**:
- The agent starts at t=0 and moves through the environment
- At t=11, the agent reaches a blue square (goal)
- The trajectory continues with the agent moving around after reaching the goal
- The task appears to be: collect the key (red square) and reach the goal (blue square)

Looking at the **Query trajectory**:
- The agent moves through similar corridor structures
- The agent approaches and collects keys (red squares) at various points
- Looking at t=3, t=6, t=8, t=9, t=10, t=15, t=16 - the agent collects keys
- However, I need to check if the agent ever reaches a blue square (goal)

Scanning through the query trajectory frames (t=0 to t=24), I don't see any blue square appearing in any frame. The agent is moving through corridors, collecting keys, but I don't see it reaching a goal location.

In the reference trajectory, the blue square (goal) appears at t=11, t=12, t=13, t=14, t=15, t=16, t=17 - showing the agent successfully reaching and staying at/near the goal.

In the query trajectory, despite having more frames (t=0 to t=24), there is no blue square visible in any frame, suggesting the agent never reaches the goal location.

Fail","t ever reaches a blue square (goal)

Scanning through the query trajectory frames (t=0 to t=24), I don't see any blue square appearing in any frame. The agent is moving through corridors, collecting keys, but I don't see it reaching a goal location.

In the reference trajectory, the blue square (goal) appears at t=11, t=12, t=13, t=14, t=15, t=16, t=17 - showing the agent successfully reaching and staying at/near the goal.

In the query trajectory, despite having more frames (t=0 to t=24), there is no blue square visible in any frame, suggesting the agent never reaches the goal location.

Fail",,,,,
123,DR.redblue.redblue_s000000.redblue_s000002.cf.orig.clean.pos,redblue,redblue_s000002,cf,clean,pos,Fail,Success,recoverable,Fail,recoverable,True,2057,"I need to compare the query trajectory to the reference trajectory to determine if it completes the same task.

Let me analyze the reference trajectory:
- The agent (blue square) starts at t=0 and navigates through the environment
- There's a red triangle (likely the goal or another entity) and a red square (likely a key or object to interact with)
- At t=3, the agent reaches the red square
- The agent continues moving and at t=11 reaches what appears to be a blue square destination (the door/goal)
- By t=17, the agent has successfully reached the final goal position

Now analyzing the query trajectory:
- The red triangle (agent) starts at the bottom and navigates through corridors
- There's a red square (likely key/object) that appears at various positions
- Looking at the pattern, the agent moves through the maze, and at t=3, t=4, etc., we can see it navigating
- The red square appears to be collected/interacted with at certain points
- The trajectory continues for 24 steps, with the agent moving through various corridors

Looking more carefully at the task structure - this appears to be a key-door task where the agent needs to pick up a key and then open a door. In the reference, the blue agent picks up the key (red square) and then reaches the blue goal.

In the query, the red triangle (agent) navigates through the maze. Looking at t=3, there's a red square in the upper right. The agent moves around and appears to interact with objects. However, I need to check if the agent successfully completes the task.

Looking at the end of the query trajectory at t=24, the agent appears to still be navigating through corridors without having clearly reached a final goal state comparable to the reference's successful completion.

Actually, re-examining: in the reference, the blue agent clearly ends at a destination. In the query, the red triangle agent is still moving through corridors at t=24 without a clear successful termination. The query trajectory seems to continue wandering without reaching the equivalent goal state.

Fail","bjects. However, I need to check if the agent successfully completes the task.

Looking at the end of the query trajectory at t=24, the agent appears to still be navigating through corridors without having clearly reached a final goal state comparable to the reference's successful completion.

Actually, re-examining: in the reference, the blue agent clearly ends at a destination. In the query, the red triangle agent is still moving through corridors at t=24 without a clear successful termination. The query trajectory seems to continue wandering without reaching the equivalent goal state.

Fail",,,,,
125,DR.redblue.redblue_s000000.redblue_s000002.cf.orig.style.neu,redblue,redblue_s000002,cf,style,neu,Fail,Success,recoverable,Fail,recoverable,True,1249,"I need to analyze both trajectories to determine if the query trajectory completes the same task as the reference.

Let me analyze the reference trajectory:
- The agent (blue square) starts at t=0 in the top-left area
- The goal appears to be reaching the red triangle
- The agent navigates through the maze, and at t=17, the blue square reaches the red triangle (they overlap), indicating success

Now analyzing the query trajectory:
- The red triangle (goal) is in the bottom area throughout
- The agent needs to reach this red triangle
- Looking through t=0 to t=24, I need to check if the blue square ever reaches the red triangle

Looking at the query trajectory frames:
- The red triangle stays in the lower portion of the grid
- I need to track if the blue square (agent) ever reaches it

Scanning through the query: At various points, I can see the agent navigating. Looking at t=17, t=18, etc., I need to check for overlap between blue and red.

After careful analysis of the query trajectory frames, I don't see the blue square (agent) ever reaching/overlapping with the red triangle (goal) within the shown frames (t=0 through t=24). The agent appears to be navigating but hasn't reached the goal by the end of the shown trajectory.

Fail","e query trajectory frames:
- The red triangle stays in the lower portion of the grid
- I need to track if the blue square (agent) ever reaches it

Scanning through the query: At various points, I can see the agent navigating. Looking at t=17, t=18, etc., I need to check for overlap between blue and red.

After careful analysis of the query trajectory frames, I don't see the blue square (agent) ever reaching/overlapping with the red triangle (goal) within the shown frames (t=0 through t=24). The agent appears to be navigating but hasn't reached the goal by the end of the shown trajectory.

Fail",,,,,
116,DR.redblue.redblue_s000000.redblue_s000001.full.orig.clean.neg,redblue,redblue_s000001,full,clean,neg,Success,Success,recoverable,Fail,recoverable,True,1530,"I need to compare the reference and query trajectories to determine if the query successfully completes the same task.

Let me analyze the reference trajectory:
- The agent (blue square) starts at top-left
- The goal appears to be reaching the red triangle
- There's also a red square that seems to be a key or object to interact with
- At t=0 to t=3: The agent moves toward and picks up the red square
- At t=4 to t=7: The agent moves with the key toward the red triangle
- At t=8 to t=11: The agent seems to unlock or interact with something near the triangle
- At t=12 to t=17: The agent moves to reach the red triangle, ending near it

Now analyzing the query trajectory:
- At t=0 to t=3: The agent moves but doesn't pick up the red square at t=1 (the red square stays visible)
- At t=4 to t=7: The agent is moving around but the red square is still visible at t=5, t=7
- At t=8 to t=11: The agent continues moving, red square still visible at t=10
- At t=12 to t=18: The agent moves through the environment

Key differences:
- In the reference, the agent picks up the red square (it disappears from view when the agent is on it)
- In the query, the agent never seems to successfully pick up the red square - it remains visible throughout
- The reference shows the red square disappearing early (t=1 or t=2) when collected
- The query trajectory at t=18 ends with the agent not having reached the goal properly

The query fails to collect the key/red square properly and doesn't follow the successful path to completion.

Fail"," still visible at t=10
- At t=12 to t=18: The agent moves through the environment

Key differences:
- In the reference, the agent picks up the red square (it disappears from view when the agent is on it)
- In the query, the agent never seems to successfully pick up the red square - it remains visible throughout
- The reference shows the red square disappearing early (t=1 or t=2) when collected
- The query trajectory at t=18 ends with the agent not having reached the goal properly

The query fails to collect the key/red square properly and doesn't follow the successful path to completion.

Fail",,,,,
117,DR.redblue.redblue_s000000.redblue_s000001.full.orig.style.neu,redblue,redblue_s000001,full,style,neu,Success,Success,recoverable,Fail,recoverable,True,2214,"I need to compare the Reference and Query trajectories to determine if the Query completes the same task.

Let me analyze what happens in the Reference trajectory:
- The agent (blue square) starts at top-left
- There's a red goal square and red triangle enemies
- The agent navigates through the maze, avoiding enemies
- At t=0 to t=3: Agent moves right and down, enemy moves
- At t=4: Agent is at left, enemy nearby
- The agent carefully navigates around enemies, reaching the goal area
- By t=17: Agent reaches the red goal square (success)

Now the Query trajectory:
- Agent starts at top-left (t=0)
- At t=0: Agent near top, enemy below
- At t=1: Agent moves down, enemy moves up - they collide or agent hits enemy
- Looking more carefully at t=1 in Query: The agent (blue) appears to be at top right, and there's a red square (goal?) and red triangle (enemy)

Wait, let me re-examine. In MiniGrid, the agent is blue, enemies are red triangles, and the goal is typically a green square (or sometimes shown differently).

Looking at Reference: The agent navigates to reach what appears to be the goal position while avoiding the red triangles (enemies). At t=17, the agent reaches the target.

In Query: 
- The agent moves through the maze but at t=1, the agent seems to encounter an enemy or goal
- Following through: at various points the agent is near red squares
- At t=12, the agent appears to be in a position where it's navigating
- By t=18, the agent is still navigating

The key difference: In the Reference, the agent successfully reaches the goal at t=17. In the Query, looking at the pattern, the agent seems to hit an enemy or fail to properly navigate. At t=1 in Query, the agent and enemy appear to be in the same position or the agent makes a fatal move.

Actually, re-examining more carefully - in Query t=1, the red square appears to be the agent hitting an enemy or the agent is overlapping with an enemy position. The trajectory seems to show the agent getting caught by enemies or not following the safe path.

Comparing the paths: Reference shows careful enemy avoidance with successful goal reaching. Query shows the agent taking a different, more dangerous path that results in failure (","ent seems to hit an enemy or fail to properly navigate. At t=1 in Query, the agent and enemy appear to be in the same position or the agent makes a fatal move.

Actually, re-examining more carefully - in Query t=1, the red square appears to be the agent hitting an enemy or the agent is overlapping with an enemy position. The trajectory seems to show the agent getting caught by enemies or not following the safe path.

Comparing the paths: Reference shows careful enemy avoidance with successful goal reaching. Query shows the agent taking a different, more dangerous path that results in failure (",,,,,
118,DR.redblue.redblue_s000000.redblue_s000001.nocue.orig.clean.neu,redblue,redblue_s000001,nocue,clean,neu,Success,Success,recoverable,Fail,recoverable,True,2022,"I need to compare the Query trajectory to the Reference trajectory to determine if it completes the same task.

Let me analyze the key elements:
- The red triangle appears to be the agent
- The purple/blue square appears to be the goal
- The red square appears to be a key or object to collect

In the Reference trajectory:
- The agent starts at bottom, moves to collect the red square object (key), then navigates to the purple goal
- At t=0, agent is at bottom, goal is at top-left
- Agent moves up, collects the key around t=3-t=4, then navigates toward the goal
- By t=11, the agent reaches the purple goal and stays there

In the Query trajectory:
- The agent starts at bottom, goal is at top-right at t=0
- The agent moves around, collects keys (red squares appear at different positions)
- Looking at t=3, the goal is at top-right
- The agent seems to be collecting keys but the navigation pattern differs
- At t=12, the agent appears to reach a purple goal

Wait, let me look more carefully. In the Query, the goal position changes - at t=0 it's top-right, but then in later frames there are multiple purple squares appearing. This suggests the environment might be different or the goal representation is different.

Actually, re-examining: In Reference, there's one goal that stays fixed. In Query, the purple squares appear in multiple locations which seems odd.

Looking more carefully at the Reference: The agent collects the key, then goes to the goal. The trajectory ends with agent at goal (t=11 onwards).

In Query: The agent moves through the maze, but looking at t=12-t=18, the agent is moving around near goals but doesn't clearly end at a goal in the same successful manner. The trajectory continues longer and the agent's final position at t=18 doesn't appear to be stably at a goal.

The Query trajectory seems to have the agent wandering more and not clearly completing the task in the same clean way as Reference. The agent in Query doesn't appear to successfully reach and stay at the goal.

Fail","ent collects the key, then goes to the goal. The trajectory ends with agent at goal (t=11 onwards).

In Query: The agent moves through the maze, but looking at t=12-t=18, the agent is moving around near goals but doesn't clearly end at a goal in the same successful manner. The trajectory continues longer and the agent's final position at t=18 doesn't appear to be stably at a goal.

The Query trajectory seems to have the agent wandering more and not clearly completing the task in the same clean way as Reference. The agent in Query doesn't appear to successfully reach and stay at the goal.

Fail",,,,,
79,DR.memory.memory_s000000.memory_s000001.nocue.orig.clean.neg,memory,memory_s000001,nocue,clean,neg,Success,,fail,,fail,False,2189,"I need to compare the reference trajectory with the query trajectory to determine if they complete the same task.

Let me analyze the reference trajectory:
- At t=0: The agent (green figure) starts near a red triangle, with a green circle to the right
- At t=1, t=2: The agent moves right along a corridor, approaching the green circle
- At t=3: The agent moves up through a vertical passage, the green circle is now in that passage
- At t=4: The agent reaches the green circle (which appears to be the goal)

So the reference shows: agent starts → moves right along corridor → goes up → reaches green circle goal.

Now the query trajectory:
- At t=0: Agent starts near red triangle in a vertical corridor
- At t=1, t=2, t=3: Agent moves right along the top corridor (similar horizontal movement)
- At t=4, t=5, t=6: Agent continues moving right, then starts moving down
- At t=7: Agent goes down the rightmost vertical corridor
- At t=8: Agent reaches the green circle at the bottom

The query shows a similar pattern: agent starts → moves right along corridor → goes down (instead of up) → reaches green circle.

Wait, let me re-examine. Looking more carefully at the query:
- t=0 to t=3: Agent moves right along the top horizontal corridor
- t=4 to t=7: Agent moves down the right side
- t=8: Agent is at the green circle in the bottom vertical passage

Actually, comparing layouts more carefully - the reference goes UP to find the green circle, while the query goes DOWN to find the green circle. But both reach a green circle.

However, looking at the environment structure, these appear to be different environment layouts or the agent is taking a different path. The key question is whether both complete ""the same task goal.""

In MiniGrid, typically the task is to reach the green goal. Both trajectories show the agent reaching a green circle. But I need to check if these are actually the same environment with the same goal location.

Looking more carefully at t=8 in query vs t=4 in reference - both end with the agent at a green circle in a vertical passage with a red triangle below it. The structure looks similar.

Actually, re-examining: The reference (t=4) and query (t=","pear to be different environment layouts or the agent is taking a different path. The key question is whether both complete ""the same task goal.""

In MiniGrid, typically the task is to reach the green goal. Both trajectories show the agent reaching a green circle. But I need to check if these are actually the same environment with the same goal location.

Looking more carefully at t=8 in query vs t=4 in reference - both end with the agent at a green circle in a vertical passage with a red triangle below it. The structure looks similar.

Actually, re-examining: The reference (t=4) and query (t=",,,,,
14,DR.doorkey.doorkey_s000000.doorkey_s000002.cf.orig.clean.pos,doorkey,doorkey_s000002,cf,clean,pos,Fail,Fail,recoverable,Fail,recoverable,False,1259,"I need to compare the query trajectory to the reference trajectory to determine if it completes the same task.

Let me analyze what happens in the reference trajectory:
- The agent (red triangle) starts near a yellow door
- The agent picks up a yellow key, opens the yellow door, and proceeds through a maze
- At t=7, the agent reaches a green goal square and the episode ends successfully

Now let me analyze the query trajectory:
- The agent starts in a similar position near a yellow door and key
- The agent picks up the yellow key, opens the yellow door, and moves through the environment
- However, looking at the progression, the agent seems to be exploring or moving through different areas
- At t=7, the agent is in a different position than the reference
- The query continues to t=13 and beyond, while the reference ended at t=11
- Most importantly, I don't see a green goal square appearing in the query trajectory frames shown
- The agent appears to be wandering through corridors without reaching the green goal

The reference trajectory clearly shows the green goal at t=7 and t=8, and the agent reaches it. The query trajectory doesn't show the green goal being reached - the agent keeps moving through the maze without apparent success.

Fail","oring or moving through different areas
- At t=7, the agent is in a different position than the reference
- The query continues to t=13 and beyond, while the reference ended at t=11
- Most importantly, I don't see a green goal square appearing in the query trajectory frames shown
- The agent appears to be wandering through corridors without reaching the green goal

The reference trajectory clearly shows the green goal at t=7 and t=8, and the agent reaches it. The query trajectory doesn't show the green goal being reached - the agent keeps moving through the maze without apparent success.

Fail",,,,,
7,DR.doorkey.doorkey_s000000.doorkey_s000001.full.orig.clean.neg,doorkey,doorkey_s000001,full,clean,neg,Success,Fail,recoverable,Fail,recoverable,False,5,Fail.,Fail.,,,,,
5,DR.doorkey.doorkey_s000000.doorkey_s000001.full.orig.clean.neu,doorkey,doorkey_s000001,full,clean,neu,Success,Success,recoverable,Success,recoverable,False,2211,"I need to compare the Query trajectory to the Reference trajectory to determine if it completes the same task.

Let me analyze the Reference trajectory:
- The agent (red triangle) starts near a yellow key
- The agent picks up the key, navigates through the environment
- At t=7, the agent reaches a green square (goal) and the episode ends successfully

Now analyzing the Query trajectory:
- The agent starts similarly near a yellow key
- The agent picks up the key and navigates through corridors
- At t=11, the agent is carrying the key and moving through the environment
- At t=12, the agent opens a yellow door (vertical yellow line)
- At t=13, the agent reaches a green square (goal)

Wait, let me look more carefully. In the Query at t=12, there's a green square visible in the upper left, and the agent opens a door. At t=13, the agent appears to reach the green goal.

Actually, looking more carefully at the Query trajectory:
- t=0 to t=11: Agent navigates with the key through various rooms
- t=12: Agent opens a door (yellow vertical line appears) and green goal is visible
- t=13: Agent is at the green goal position

The Reference reaches the green goal at t=7 and ends. The Query takes longer (t=13) but also appears to reach the green goal.

However, I need to check if the task is completed properly. The goal in MiniGrid typically requires reaching the green square, often with the key to open doors along the way.

Looking at the Query's final frames: at t=13, the agent (red triangle with key) is positioned at what appears to be a green goal square. The trajectory continues to t=14 and t=15 showing the agent still in the environment.

Actually, re-checking: The Query shows t=12, t=13, t=14, t=15 frames. The agent reaches the green area and continues. But in MiniGrid, reaching the goal typically ends the episode immediately.

Looking more carefully at t=13 in Query: the agent is at a green square. The fact that t=14 and t=15 exist suggests the episode didn't end, OR these are just extra frames shown.

Comparing the overall pattern: Both trajectories involve picking up a key, navigating through doors, and reaching a green goal. The Query successfully navigates to the green goal by"," showing the agent still in the environment.

Actually, re-checking: The Query shows t=12, t=13, t=14, t=15 frames. The agent reaches the green area and continues. But in MiniGrid, reaching the goal typically ends the episode immediately.

Looking more carefully at t=13 in Query: the agent is at a green square. The fact that t=14 and t=15 exist suggests the episode didn't end, OR these are just extra frames shown.

Comparing the overall pattern: Both trajectories involve picking up a key, navigating through doors, and reaching a green goal. The Query successfully navigates to the green goal by",,,,,
6,DR.doorkey.doorkey_s000000.doorkey_s000001.full.orig.clean.pos,doorkey,doorkey_s000001,full,clean,pos,Success,Success,recoverable,Success,recoverable,False,2415,"I need to compare the query trajectory against the reference trajectory to determine if they both complete the same task.

Let me analyze what happens in the reference trajectory:
- The agent (red triangle) starts near a yellow key and a yellow door
- The agent picks up the key, opens the door, and progresses through rooms
- At t=7, the agent reaches a green goal square and the trajectory ends successfully

Now let me check the query trajectory:
- The agent follows a similar path through the environment
- At t=11, the agent is positioned near where the green goal should be
- At t=12, t=13, t=14, t=15, the agent continues moving through rooms with green goal squares visible

Looking more carefully at the query trajectory, I need to check if the agent actually reaches and stays at the green goal. 

In the reference, the agent clearly reaches the green goal at t=7 and stops (successful completion).

In the query, at t=11 the agent is near a green square. Looking at t=12-t=15, the agent continues moving past green goal squares rather than stopping at one. The trajectory shows the agent going through multiple rooms with green squares but not terminating at a goal.

Actually, re-examining: in MiniGrid, the task is complete when the agent reaches the green goal. The reference shows the agent reaching green at t=7. The query shows the agent moving through the environment and at t=15 is still moving, having passed by green goal squares without the episode terminating.

Wait - let me check again. At t=11 in query, the agent appears to be at a green square. But then t=12-t=15 show continued movement. This suggests the agent didn't actually stop at the goal, or the green squares seen aren't the actual goal, or the trajectory continued past success.

Comparing the structure: Both navigate through similar door/key puzzles. The reference completes at t=7 upon reaching green. The query extends to t=15 with continued movement, suggesting it may not have properly completed the task or is a longer trajectory that eventually succeeds.

Looking at t=15 in query - the agent appears to be at a green square. However, the reference succeeded at t=7. The query has extra steps but does appear to eventually reach a green goal.

Given the query shows the agent navigating correctly through all obstacles and reaching a green goal square by the end, this appears to be a successful completion (just longer","similar door/key puzzles. The reference completes at t=7 upon reaching green. The query extends to t=15 with continued movement, suggesting it may not have properly completed the task or is a longer trajectory that eventually succeeds.

Looking at t=15 in query - the agent appears to be at a green square. However, the reference succeeded at t=7. The query has extra steps but does appear to eventually reach a green goal.

Given the query shows the agent navigating correctly through all obstacles and reaching a green goal square by the end, this appears to be a successful completion (just longer",,,,,
8,DR.doorkey.doorkey_s000000.doorkey_s000001.full.orig.style.neu,doorkey,doorkey_s000001,full,style,neu,Success,Success,recoverable,Success,recoverable,False,1145,"I need to compare the reference and query trajectories to determine if the query completes the same task.

Let me analyze the reference trajectory:
- At t=0 to t=3: The agent (red triangle) moves toward and interacts with the yellow key, then opens the yellow door
- At t=4 to t=7: The agent moves through the opened door to the right
- At t=8 to t=11: The agent continues right, goes through another passage, and reaches the green goal square

The task appears to be: get the key, open the door, navigate to the green goal.

Now analyzing the query trajectory:
- At t=0 to t=3: Similar pattern - agent gets the yellow key and opens the yellow door
- At t=4 to t=7: Agent moves through the opened door area
- At t=8 to t=11: Agent continues navigating through the environment
- At t=12 to t=15: Agent reaches and stays at the green goal square

Both trajectories show:
1. Agent picks up the yellow key
2. Agent opens the yellow door
3. Agent navigates through the maze
4. Agent reaches the green goal square

The query trajectory successfully completes all the same steps as the reference trajectory, ultimately reaching the green goal.

Success","uery trajectory:
- At t=0 to t=3: Similar pattern - agent gets the yellow key and opens the yellow door
- At t=4 to t=7: Agent moves through the opened door area
- At t=8 to t=11: Agent continues navigating through the environment
- At t=12 to t=15: Agent reaches and stays at the green goal square

Both trajectories show:
1. Agent picks up the yellow key
2. Agent opens the yellow door
3. Agent navigates through the maze
4. Agent reaches the green goal square

The query trajectory successfully completes all the same steps as the reference trajectory, ultimately reaching the green goal.

Success",,,,,
19,DR.doorkey.doorkey_s000000.doorkey_s000002.full.orig.clean.neg,doorkey,doorkey_s000002,full,clean,neg,Success,Success,recoverable,Success,recoverable,False,2237,"I need to compare the reference and query trajectories to determine if the query successfully completes the same task.

Looking at the reference trajectory:
- The agent (red triangle) starts near a yellow key and a yellow door
- The agent picks up the key, opens the door, and navigates through rooms
- At t=7, the agent reaches a green goal square and appears to complete the task
- The trajectory ends at t=11 with the agent near the green goal

Looking at the query trajectory:
- The agent starts in a similar position with the key and door nearby
- The agent picks up the key and opens the door
- However, the agent seems to get stuck or wander - at t=5-t=8, the agent is moving around in rooms without clear progress toward the goal
- At t=9-t=13, the agent eventually finds a green goal square

Wait, let me look more carefully. In the reference, the green goal appears at t=7 and the agent reaches it. In the query, the green goal appears at t=9, and by t=13 the agent is near it but the trajectory seems incomplete or the agent hasn't clearly reached/stopped at the goal.

Actually, re-examining: In the reference, by t=7 the agent has clearly reached the green goal (the agent is on the green square). In the query, at t=9 the green goal appears, and at t=13 the agent is positioned at/near a green goal square in the bottom left.

However, the query trajectory extends to t=15 (showing t=12-t=15), suggesting the task may not be cleanly completed, or the agent is still moving. The reference completed at t=11 with clear success.

Looking more carefully at the pattern - the query shows the agent reaching a green square by t=13-t=15, but the trajectory seems longer and less direct. The key question is whether the agent successfully reaches the goal.

Given the extended timeline and the agent's position at the end near the green goal, but with less clear completion compared to the reference...

Actually, comparing end states: Reference ends with agent at green goal (success). Query ends with agent at green goal at t=15. But the query takes longer and the path seems more wandering.

The critical difference: In reference t=7, agent is ON green goal. In query, the green goals appear in different locations (t=9, t=10, t","3-t=15, but the trajectory seems longer and less direct. The key question is whether the agent successfully reaches the goal.

Given the extended timeline and the agent's position at the end near the green goal, but with less clear completion compared to the reference...

Actually, comparing end states: Reference ends with agent at green goal (success). Query ends with agent at green goal at t=15. But the query takes longer and the path seems more wandering.

The critical difference: In reference t=7, agent is ON green goal. In query, the green goals appear in different locations (t=9, t=10, t",,,,,
17,DR.doorkey.doorkey_s000000.doorkey_s000002.full.orig.clean.neu,doorkey,doorkey_s000002,full,clean,neu,Success,Success,recoverable,Success,recoverable,False,1108,"I need to compare the reference and query trajectories to determine if the query also completes the task.

Let me analyze the reference trajectory:
- At t=0 to t=3: The agent (red triangle) moves toward and picks up the yellow key
- At t=4 to t=7: The agent carries the key to a door (yellow vertical line) and opens it
- At t=8 to t=11: The agent proceeds to the green goal square and reaches it (t=11 shows agent at green goal)

Now the query trajectory:
- At t=0 to t=3: The agent picks up the yellow key (similar pattern)
- At t=4 to t=7: The agent moves with the key
- At t=8 to t=9: The agent opens a door with the key
- At t=10 to t=15: The agent moves through the doorway and approaches the green goal

Looking at t=13 in the query, the agent is at the green goal square. The final frame t=15 also shows the agent having reached the green goal area.

Both trajectories show:
1. Picking up the yellow key
2. Using it to open a door
3. Reaching the green goal square

The query trajectory successfully completes the same task - obtaining the key, opening the door, and reaching the green goal.

Success","(similar pattern)
- At t=4 to t=7: The agent moves with the key
- At t=8 to t=9: The agent opens a door with the key
- At t=10 to t=15: The agent moves through the doorway and approaches the green goal

Looking at t=13 in the query, the agent is at the green goal square. The final frame t=15 also shows the agent having reached the green goal area.

Both trajectories show:
1. Picking up the yellow key
2. Using it to open a door
3. Reaching the green goal square

The query trajectory successfully completes the same task - obtaining the key, opening the door, and reaching the green goal.

Success",,,,,
18,DR.doorkey.doorkey_s000000.doorkey_s000002.full.orig.clean.pos,doorkey,doorkey_s000002,full,clean,pos,Success,Success,recoverable,Success,recoverable,False,1308,"I need to compare the query trajectory against the reference trajectory to determine if it completes the same task.

Let me analyze the key elements:
- Both show a red triangle agent, yellow key, yellow door, and green goal square
- The task appears to be: pick up the key, open the door, and reach the green goal

**Reference trajectory analysis:**
- t=0 to t=3: Agent moves to pick up key, carries it to the door
- t=4 to t=7: Agent opens door with key, proceeds through
- t=8 to t=11: Agent navigates to and reaches the green goal square

**Query trajectory analysis:**
- t=0 to t=3: Agent picks up key and carries it (similar to reference)
- t=4 to t=7: Agent navigates with key, approaches door area
- t=8 to t=11: Agent continues navigating
- t=12 to t=15: Agent reaches the green goal square

Looking more carefully at the query:
- At t=9, the agent uses the key to open the yellow door (key disappears/door opens)
- The agent proceeds through the opened door area
- At t=12-t=15, the agent successfully reaches the green goal square

Both trajectories show:
1. Picking up the key
2. Opening the door with the key
3. Navigating to and reaching the green goal

The query takes longer (t=15 vs t=11) but achieves the same objective - reaching the green goal after opening the door with the key.

Success","=8 to t=11: Agent continues navigating
- t=12 to t=15: Agent reaches the green goal square

Looking more carefully at the query:
- At t=9, the agent uses the key to open the yellow door (key disappears/door opens)
- The agent proceeds through the opened door area
- At t=12-t=15, the agent successfully reaches the green goal square

Both trajectories show:
1. Picking up the key
2. Opening the door with the key
3. Navigating to and reaching the green goal

The query takes longer (t=15 vs t=11) but achieves the same objective - reaching the green goal after opening the door with the key.

Success",,,,,
9,DR.doorkey.doorkey_s000000.doorkey_s000001.nocue.orig.clean.neu,doorkey,doorkey_s000001,nocue,clean,neu,Success,Success,recoverable,Success,recoverable,False,1183,"I need to compare the Reference and Query trajectories to determine if the Query completes the same task.

Let me analyze the Reference trajectory first:
- The agent (red triangle) starts near a yellow key (t=0)
- At t=1, the agent picks up the key (the key disappears from ground, agent now has it)
- The agent moves through corridors, and at t=6, uses the key to open a yellow door
- Continues moving through rooms, and at t=7 reaches a green square (goal)
- The agent stays at the goal through t=11

So the task is: pick up key → open door with key → reach green goal

Now analyzing the Query trajectory:
- t=0: Agent near yellow key
- t=1: Agent picks up key (key disappears, agent has it)
- t=2-t=6: Agent moves around with key
- t=7: Agent opens yellow door with key
- t=8-t=11: Agent moves through corridors
- t=12: Agent reaches green square (goal)
- t=13: Agent at goal
- t=14-t=15: Agent stays at goal

Both trajectories show:
1. Picking up the yellow key
2. Using the key to open a yellow door
3. Reaching the green goal square

The Query trajectory successfully completes all the required steps of the task, just with a slightly longer path and different timing.

Success","ng the Query trajectory:
- t=0: Agent near yellow key
- t=1: Agent picks up key (key disappears, agent has it)
- t=2-t=6: Agent moves around with key
- t=7: Agent opens yellow door with key
- t=8-t=11: Agent moves through corridors
- t=12: Agent reaches green square (goal)
- t=13: Agent at goal
- t=14-t=15: Agent stays at goal

Both trajectories show:
1. Picking up the yellow key
2. Using the key to open a yellow door
3. Reaching the green goal square

The Query trajectory successfully completes all the required steps of the task, just with a slightly longer path and different timing.

Success",,,,,
10,DR.doorkey.doorkey_s000000.doorkey_s000001.nocue.orig.clean.pos,doorkey,doorkey_s000001,nocue,clean,pos,Success,Success,recoverable,Success,recoverable,False,1225,"I need to compare the query trajectory against the reference trajectory to determine if it completes the same task.

Let me analyze what happens in the reference trajectory:
- The agent (red triangle) starts near a yellow key
- At t=0-t=3: The agent picks up the key and moves around
- At t=4-t=7: The agent carries the key to a door (yellow vertical line), unlocks it
- At t=8-t=11: The agent proceeds to a green goal square and reaches it

Now analyzing the query trajectory:
- At t=0-t=3: The agent moves around, appears to pick up the yellow key
- At t=4-t=7: The agent carries the key, moving through the environment
- At t=8: The agent has the key and approaches a door
- At t=9-t=11: The agent continues moving with the key
- At t=12: The agent unlocks a door (yellow vertical line appears)
- At t=13-t=15: The agent proceeds toward and reaches the green goal square

Both trajectories show:
1. Picking up the yellow key
2. Using the key to unlock a door
3. Reaching the green goal square

The query trajectory successfully completes all the essential steps: obtaining the key, unlocking the door, and reaching the goal. The sequence and outcome match the reference trajectory's successful completion pattern.

Success","t t=8: The agent has the key and approaches a door
- At t=9-t=11: The agent continues moving with the key
- At t=12: The agent unlocks a door (yellow vertical line appears)
- At t=13-t=15: The agent proceeds toward and reaches the green goal square

Both trajectories show:
1. Picking up the yellow key
2. Using the key to unlock a door
3. Reaching the green goal square

The query trajectory successfully completes all the essential steps: obtaining the key, unlocking the door, and reaching the goal. The sequence and outcome match the reference trajectory's successful completion pattern.

Success",,,,,
12,DR.doorkey.doorkey_s000000.doorkey_s000001.nocue.orig.style.neu,doorkey,doorkey_s000001,nocue,style,neu,Success,Success,recoverable,Success,recoverable,False,1122,"I need to compare the Query trajectory to the Reference trajectory to determine if it completes the same task.

Let me analyze the Reference trajectory:
- The agent (red triangle) starts at bottom left, moves toward a yellow key, picks it up, navigates through rooms, opens a yellow door, and eventually reaches a green goal square at t=11.

Now analyzing the Query trajectory:
- t=0-t=3: The agent moves around, collecting the yellow key
- t=4-t=7: The agent navigates with the key, moving through corridors
- t=8: The agent is near a yellow door with key
- t=9-t=10: The agent opens the yellow door and moves through
- t=11-t=13: The agent continues navigating, eventually reaching a green goal square at t=13

Both trajectories show:
1. Starting in a similar position
2. Collecting a yellow key
3. Opening a yellow door
4. Navigating through the environment
5. Reaching a green goal square

The Query trajectory successfully reaches the green goal, completing the same objective as the Reference trajectory. The path is slightly longer (t=13 vs t=11) but achieves the same end state of reaching the green goal.

Success","ent is near a yellow door with key
- t=9-t=10: The agent opens the yellow door and moves through
- t=11-t=13: The agent continues navigating, eventually reaching a green goal square at t=13

Both trajectories show:
1. Starting in a similar position
2. Collecting a yellow key
3. Opening a yellow door
4. Navigating through the environment
5. Reaching a green goal square

The Query trajectory successfully reaches the green goal, completing the same objective as the Reference trajectory. The path is slightly longer (t=13 vs t=11) but achieves the same end state of reaching the green goal.

Success",,,,,
23,DR.doorkey.doorkey_s000000.doorkey_s000002.nocue.orig.clean.neg,doorkey,doorkey_s000002,nocue,clean,neg,Success,Fail,recoverable,Fail,recoverable,False,1451,"I need to compare the query trajectory against the reference trajectory to determine if it completes the same task.

Let me analyze the reference trajectory:
- The agent (red triangle) starts near a yellow box with a key
- At t=1, the agent picks up the key (key disappears, agent now has it)
- The agent navigates through doors, using the key to unlock them
- At t=6, there's a green square (goal) that appears
- The agent reaches the green goal at t=7 and stays there

Now analyzing the query trajectory:
- At t=0, the agent is near a yellow box, but there's no key visible - instead there's a black square
- At t=1, the yellow box is on top of the structure, not accessible
- The agent moves around but never appears to pick up a key
- At t=9, there's a yellow vertical line (door) but no indication the agent unlocked it with a key
- At t=10, a green goal appears, but the agent is below it
- The agent never actually reaches the green goal - it stays below or near it but doesn't enter it

Key differences:
1. The query never shows the agent picking up a key (no key visible in initial state)
2. The agent doesn't navigate to and enter the green goal
3. The trajectory extends longer (t=14) without clear success
4. The green goal appears but the agent doesn't reach it

The reference shows clear task completion: get key → unlock doors → reach green goal. The query shows the agent wandering without obtaining the key or reaching the goal.

Fail","een goal appears, but the agent is below it
- The agent never actually reaches the green goal - it stays below or near it but doesn't enter it

Key differences:
1. The query never shows the agent picking up a key (no key visible in initial state)
2. The agent doesn't navigate to and enter the green goal
3. The trajectory extends longer (t=14) without clear success
4. The green goal appears but the agent doesn't reach it

The reference shows clear task completion: get key → unlock doors → reach green goal. The query shows the agent wandering without obtaining the key or reaching the goal.

Fail",,,,,
21,DR.doorkey.doorkey_s000000.doorkey_s000002.nocue.orig.clean.neu,doorkey,doorkey_s000002,nocue,clean,neu,Success,Success,recoverable,Success,recoverable,False,1219,"I need to compare the Query trajectory to the Reference trajectory to determine if it completes the same task.

Let me analyze the Reference trajectory:
- The agent (red triangle) starts near a yellow box with a key
- The agent picks up the key, moves through a door (yellow vertical line), navigates through rooms
- At t=6, the agent uses the key on a door (green appears, indicating door unlocks/opens)
- The agent continues through the environment and reaches a green goal square at t=7, staying there through t=11

Now analyzing the Query trajectory:
- The agent starts similarly near a yellow box
- The agent picks up the key and navigates through doors
- At t=9, the agent uses the key on a door (green appears)
- The agent continues moving through rooms
- At t=10, there's a green goal square visible
- The agent moves toward and reaches the green goal area by t=11, and stays in that vicinity through t=15

Both trajectories show:
1. Picking up a key
2. Unlocking/opening a door (green flash)
3. Navigating to a green goal square

The Query trajectory successfully reaches the green goal area and completes the same objective as the Reference trajectory, just with a slightly different path and timing.

Success"," up the key and navigates through doors
- At t=9, the agent uses the key on a door (green appears)
- The agent continues moving through rooms
- At t=10, there's a green goal square visible
- The agent moves toward and reaches the green goal area by t=11, and stays in that vicinity through t=15

Both trajectories show:
1. Picking up a key
2. Unlocking/opening a door (green flash)
3. Navigating to a green goal square

The Query trajectory successfully reaches the green goal area and completes the same objective as the Reference trajectory, just with a slightly different path and timing.

Success",,,,,
22,DR.doorkey.doorkey_s000000.doorkey_s000002.nocue.orig.clean.pos,doorkey,doorkey_s000002,nocue,clean,pos,Success,Success,recoverable,Success,recoverable,False,1076,"I need to compare the Query trajectory against the Reference trajectory to determine if it completes the same task.

Let me analyze what happens in the Reference trajectory:
- The agent (red triangle) starts near a yellow box with a key
- The agent picks up the key, moves through a door (yellow vertical line), navigates through rooms
- Eventually reaches a green goal square at t=10, t=11

In the Query trajectory:
- The agent starts in a similar position with a key nearby
- At t=1, the agent picks up the key (now holding it)
- The agent navigates through doors and rooms similarly
- At t=9, the agent opens a door and enters a room
- At t=10, t=11, t=12, t=13, t=14 - the agent reaches the green goal square and stays there

The key difference is that the Query trajectory takes longer (t=14 vs t=11), but both trajectories successfully:
1. Pick up the key
2. Open doors using the key
3. Navigate through the maze
4. Reach the green goal square

The Query trajectory completes all the essential steps and reaches the green goal, just with a slightly longer path.

Success","- At t=1, the agent picks up the key (now holding it)
- The agent navigates through doors and rooms similarly
- At t=9, the agent opens a door and enters a room
- At t=10, t=11, t=12, t=13, t=14 - the agent reaches the green goal square and stays there

The key difference is that the Query trajectory takes longer (t=14 vs t=11), but both trajectories successfully:
1. Pick up the key
2. Open doors using the key
3. Navigate through the maze
4. Reach the green goal square

The Query trajectory completes all the essential steps and reaches the green goal, just with a slightly longer path.

Success",,,,,
26,DR.keycorridor.keycorridor_s000000.keycorridor_s000001.cf.orig.clean.neg,keycorridor,keycorridor_s000001,cf,clean,neg,Fail,Fail,recoverable,Fail,recoverable,False,5,Fail.,Fail.,,,,,
25,DR.keycorridor.keycorridor_s000000.keycorridor_s000001.cf.orig.clean.pos,keycorridor,keycorridor_s000001,cf,clean,pos,Fail,Success,recoverable,Success,recoverable,False,496,"Success

Both trajectories show the agent navigating through the maze, collecting keys (green squares), opening doors (colored blocks), and eventually reaching the goal (yellow circle in reference, which appears to be the green square destination in the query). The query trajectory demonstrates similar competent navigation through multiple rooms, key collection, door opening, and ultimately reaches what appears to be the goal state, following the same overall task structure as the reference.","Success

Both trajectories show the agent navigating through the maze, collecting keys (green squares), opening doors (colored blocks), and eventually reaching the goal (yellow circle in reference, which appears to be the green square destination in the query). The query trajectory demonstrates similar competent navigation through multiple rooms, key collection, door opening, and ultimately reaches what appears to be the goal state, following the same overall task structure as the reference.",,,,,
37,DR.keycorridor.keycorridor_s000000.keycorridor_s000002.cf.orig.clean.neg,keycorridor,keycorridor_s000002,cf,clean,neg,Fail,Fail,recoverable,Fail,recoverable,False,5,Fail.,Fail.,,,,,
28,DR.keycorridor.keycorridor_s000000.keycorridor_s000001.full.orig.clean.neu,keycorridor,keycorridor_s000001,full,clean,neu,Success,Success,recoverable,Success,recoverable,False,1832,"I need to analyze both trajectories to determine if they complete the same task.

Let me examine the Reference trajectory:
- The agent (yellow circle) starts in a room and navigates through corridors
- It collects a purple object (key) around t=1-2
- It opens doors (blue squares become passable)
- It navigates through multiple rooms, collecting green objects
- Eventually reaches a yellow circle (goal) at the end

Looking at the Query trajectory:
- The agent navigates through similar corridor structures
- It collects green objects (keys) and opens doors
- At t=33-34, it encounters purple objects (keys)
- It continues navigating through rooms
- At t=49-54, it reaches green circles (goals)

The key difference is in the goal type and final state:
- Reference: Yellow circle goal, successfully reached
- Query: Green circle goals at the end

Wait, let me re-examine. Looking more carefully at the Query trajectory ending:
- At t=49, t=50, t=51, t=52, t=53, t=54 - the agent is at green circles with what appears to be a goal completion state

Actually, looking at the reference more carefully - the reference has:
- Yellow circle (agent) reaching yellow circle (goal) at the end
- Purple keys, green objects as intermediate items

The Query has:
- Yellow agent reaching green circles at the end
- Green keys, purple keys as intermediate items

The environment structure looks similar but the goal colors differ. However, in MiniGrid, the goal is typically the green square/circle. Let me check if both reach their respective goals.

Reference: Agent reaches yellow goal at bottom (t=41-47)
Query: Agent reaches green goals at bottom (t=49-54)

Both trajectories show the agent successfully navigating to and remaining at the goal location at the end. The Query trajectory completes with the agent at the goal position.

Success","ms

The Query has:
- Yellow agent reaching green circles at the end
- Green keys, purple keys as intermediate items

The environment structure looks similar but the goal colors differ. However, in MiniGrid, the goal is typically the green square/circle. Let me check if both reach their respective goals.

Reference: Agent reaches yellow goal at bottom (t=41-47)
Query: Agent reaches green goals at bottom (t=49-54)

Both trajectories show the agent successfully navigating to and remaining at the goal location at the end. The Query trajectory completes with the agent at the goal position.

Success",,,,,
30,DR.keycorridor.keycorridor_s000000.keycorridor_s000001.full.orig.style.neu,keycorridor,keycorridor_s000001,full,style,neu,Success,Success,recoverable,Success,recoverable,False,495,"Success

Both trajectories show the agent navigating through the environment, collecting items, and ultimately reaching the goal (yellow circle in reference, green circle in query). The query trajectory follows a similar pattern of exploration and item collection, ending with the agent reaching the goal location. The color differences in items appear to be due to different rendering or environment configurations, but the structural behavior and end state indicate successful task completion.","Success

Both trajectories show the agent navigating through the environment, collecting items, and ultimately reaching the goal (yellow circle in reference, green circle in query). The query trajectory follows a similar pattern of exploration and item collection, ending with the agent reaching the goal location. The color differences in items appear to be due to different rendering or environment configurations, but the structural behavior and end state indicate successful task completion.",,,,,
39,DR.keycorridor.keycorridor_s000000.keycorridor_s000002.full.orig.clean.neu,keycorridor,keycorridor_s000002,full,clean,neu,Success,Success,recoverable,Success,recoverable,False,1192,"I need to compare the reference and query trajectories to determine if the query completes the same task.

Looking at the reference trajectory (known success):
- The agent (red triangle) navigates through the environment
- At t=0 to t=5, it moves right, collecting green squares (keys) and encountering blue/purple objects (doors)
- It progresses through different rooms, eventually reaching a yellow circle (goal) at t=29
- From t=29 onwards, it stays near the yellow circle, indicating task completion

Looking at the query trajectory:
- The agent (red triangle) also navigates through similar rooms
- At t=0 to t=5, it moves through a corridor with red squares (locked doors)
- It collects green objects and navigates through the maze
- At t=29, it reaches a yellow circle (goal)
- From t=30 onwards, it stays near the yellow circle, similar to the reference

Both trajectories:
1. Navigate through the multi-room environment
2. Collect items (keys) to unlock doors
3. Eventually reach the yellow circle (goal)
4. Stay at/near the goal once reached

The query trajectory successfully reaches the goal and remains there, matching the successful completion pattern of the reference.

Success","lar rooms
- At t=0 to t=5, it moves through a corridor with red squares (locked doors)
- It collects green objects and navigates through the maze
- At t=29, it reaches a yellow circle (goal)
- From t=30 onwards, it stays near the yellow circle, similar to the reference

Both trajectories:
1. Navigate through the multi-room environment
2. Collect items (keys) to unlock doors
3. Eventually reach the yellow circle (goal)
4. Stay at/near the goal once reached

The query trajectory successfully reaches the goal and remains there, matching the successful completion pattern of the reference.

Success",,,,,
40,DR.keycorridor.keycorridor_s000000.keycorridor_s000002.full.orig.clean.pos,keycorridor,keycorridor_s000002,full,clean,pos,Success,Success,recoverable,Success,recoverable,False,522,"Success

The query trajectory shows the agent (green figure) navigating through the environment, collecting what appears to be the goal item (yellow circle), and successfully reaching the end state. The reference trajectory demonstrates the expected successful path, and the query trajectory follows a similar pattern of exploration, navigation through corridors, and ultimately reaching the goal. Both trajectories end with the agent in proximity to or having collected the yellow goal object, indicating task completion.","Success

The query trajectory shows the agent (green figure) navigating through the environment, collecting what appears to be the goal item (yellow circle), and successfully reaching the end state. The reference trajectory demonstrates the expected successful path, and the query trajectory follows a similar pattern of exploration, navigation through corridors, and ultimately reaching the goal. Both trajectories end with the agent in proximity to or having collected the yellow goal object, indicating task completion.",,,,,
42,DR.keycorridor.keycorridor_s000000.keycorridor_s000002.full.orig.style.neu,keycorridor,keycorridor_s000002,full,style,neu,Success,Success,recoverable,Success,recoverable,False,1570,"I need to compare the reference and query trajectories to determine if they both complete the same task.

Looking at the reference trajectory:
- The agent (colored square) navigates through a maze
- At t=0 to t=5: moves through corridors
- At t=6 to t=17: navigates through rooms with red triangles (likely hazards/doors)
- At t=18 to t=29: continues through more corridors with purple and red elements
- At t=30 to t=41: reaches rooms with yellow circles (likely the goal/objective)
- At t=41: reaches a room with both yellow circle and what appears to be the final goal (orange/yellow agent)

The key pattern: The agent navigates from start, through various rooms and corridors, eventually reaching areas with yellow circles, and finally completes at a goal location.

Looking at the query trajectory:
- At t=0 to t=5: starts in a corridor, similar structure
- At t=6 to t=17: navigates through rooms with green elements and red triangles
- At t=18 to t=29: moves through corridors with green elements
- At t=30 to t=38: reaches rooms with yellow circles

Both trajectories:
- Start in similar corridor structures
- Navigate through maze-like environments with rooms containing colored elements
- Eventually reach rooms with yellow circles
- Show progression from start to goal areas

The query trajectory follows a similar pattern of exploration and navigation, reaching the yellow circle areas which appear to be the goal regions. The agent in the query successfully navigates through the environment structure and reaches the goal area with yellow circles.

Success","ugh corridors with green elements
- At t=30 to t=38: reaches rooms with yellow circles

Both trajectories:
- Start in similar corridor structures
- Navigate through maze-like environments with rooms containing colored elements
- Eventually reach rooms with yellow circles
- Show progression from start to goal areas

The query trajectory follows a similar pattern of exploration and navigation, reaching the yellow circle areas which appear to be the goal regions. The agent in the query successfully navigates through the environment structure and reaches the goal area with yellow circles.

Success",,,,,
33,DR.keycorridor.keycorridor_s000000.keycorridor_s000001.nocue.orig.clean.neg,keycorridor,keycorridor_s000001,nocue,clean,neg,Success,Success,recoverable,Success,recoverable,False,1151,"I'll analyze both trajectories to determine if the query trajectory successfully completes the same task as the reference.

**Reference Trajectory Analysis:**
- The agent (blue triangle) navigates through a maze-like environment
- It collects green squares (keys) and uses them to open doors
- At t=29, the agent reaches a yellow circle (goal) and stays near it
- The trajectory shows successful navigation to the goal

**Query Trajectory Analysis:**
- The agent starts similarly, navigating through corridors
- It collects green squares (keys) and progresses through the environment
- At t=48-t=54, the agent reaches a green circle (which appears to be the goal in this variant)
- The agent successfully navigates to and stays at the goal location

Both trajectories show:
1. Exploration of the maze environment
2. Collection of keys (green squares)
3. Navigation to a goal location (yellow in reference, green in query - likely same task with different visual rendering or goal type)
4. Successful termination at the goal

The query trajectory successfully reaches the goal state and completes the task, similar to the reference trajectory.

Success","ogresses through the environment
- At t=48-t=54, the agent reaches a green circle (which appears to be the goal in this variant)
- The agent successfully navigates to and stays at the goal location

Both trajectories show:
1. Exploration of the maze environment
2. Collection of keys (green squares)
3. Navigation to a goal location (yellow in reference, green in query - likely same task with different visual rendering or goal type)
4. Successful termination at the goal

The query trajectory successfully reaches the goal state and completes the task, similar to the reference trajectory.

Success",,,,,
31,DR.keycorridor.keycorridor_s000000.keycorridor_s000001.nocue.orig.clean.neu,keycorridor,keycorridor_s000001,nocue,clean,neu,Success,Success,recoverable,Success,recoverable,False,1121,"I need to analyze both trajectories to determine if they complete the same task.

Looking at the Reference trajectory:
- The agent (red triangle) navigates through the environment
- At t=29, a yellow circle appears (likely the goal)
- The agent reaches yellow circles in the final frames (t=36-47), indicating successful completion
- The task involves navigating to find and reach the goal

Looking at the Query trajectory:
- The agent (red triangle) also navigates through a similar maze structure
- At t=49, a green circle appears (likely the goal - different color but same concept)
- The agent reaches green circles in the final frames (t=49-54)
- The trajectory shows the agent successfully navigating to and reaching the goal location

Both trajectories show:
1. Navigation through the maze environment
2. Discovery of a goal object (yellow in reference, green in query - likely just visualization difference or different episode)
3. Successful arrival at the goal location in the final frames

The query trajectory successfully completes the navigation task and reaches the goal, similar to the reference.

Success","cle appears (likely the goal - different color but same concept)
- The agent reaches green circles in the final frames (t=49-54)
- The trajectory shows the agent successfully navigating to and reaching the goal location

Both trajectories show:
1. Navigation through the maze environment
2. Discovery of a goal object (yellow in reference, green in query - likely just visualization difference or different episode)
3. Successful arrival at the goal location in the final frames

The query trajectory successfully completes the navigation task and reaches the goal, similar to the reference.

Success",,,,,
32,DR.keycorridor.keycorridor_s000000.keycorridor_s000001.nocue.orig.clean.pos,keycorridor,keycorridor_s000001,nocue,clean,pos,Success,Success,recoverable,Success,recoverable,False,1285,"I need to compare the reference and query trajectories to determine if they both complete the same task.

Looking at the reference trajectory (known success):
- The agent (yellow circle) starts in a position and navigates through the environment
- There are purple blocks and green goal squares
- The agent eventually reaches a green goal square and the episode ends with success
- At t=30-32, the agent reaches yellow circles (goals)
- The final frames show the agent reaching green goals successfully

Looking at the query trajectory:
- The agent navigates through similar maze structures
- There are green goal squares and red hazard squares
- The agent appears to be collecting or reaching green squares
- At t=49-54, the agent reaches green circles (goals) and ends at what appears to be a successful completion

Both trajectories show:
- Navigation through maze-like environments with similar wall structures
- Interaction with goal objects (green squares/circles)
- Avoidance of hazards (red triangles in reference, red squares in query)
- Successful termination at goal locations

The query trajectory appears to successfully navigate to and reach the goal objects, similar to the reference trajectory. The agent completes the path and reaches the target successfully.

Success","reaching green squares
- At t=49-54, the agent reaches green circles (goals) and ends at what appears to be a successful completion

Both trajectories show:
- Navigation through maze-like environments with similar wall structures
- Interaction with goal objects (green squares/circles)
- Avoidance of hazards (red triangles in reference, red squares in query)
- Successful termination at goal locations

The query trajectory appears to successfully navigate to and reach the goal objects, similar to the reference trajectory. The agent completes the path and reaches the target successfully.

Success",,,,,
44,DR.keycorridor.keycorridor_s000000.keycorridor_s000002.nocue.orig.clean.neg,keycorridor,keycorridor_s000002,nocue,clean,neg,Success,Fail,recoverable,Fail,recoverable,False,1837,"I need to compare the reference and query trajectories to determine if the query completes the same task.

Let me analyze the reference trajectory:
- The agent (blue/purple square) starts at bottom left
- It navigates through corridors, collects a green key (t=2), opens a red door, collects a purple key, navigates through more corridors
- Eventually reaches a yellow goal at t=29 and stays there through t=41
- The task appears to be: collect keys, open doors, reach the yellow goal

Now analyzing the query trajectory:
- The agent starts at bottom left (green square)
- It navigates through corridors, collects items, opens red doors with keys
- At t=29, it reaches a yellow goal location
- However, looking more carefully at t=29-t=38, the agent continues moving around and doesn't stay at the goal
- At t=38, the agent is at the yellow goal with a green key, but the trajectory ends there

Wait, let me re-examine. In the query:
- The green square seems to be the agent
- The agent collects green keys and navigates through doors
- At t=29, the agent reaches near a yellow goal
- But looking at t=30-t=38, the agent continues exploring different rooms with yellow goals, not settling at one

Actually, looking more carefully at the reference: the agent reaches yellow goal at t=29 and stays there (t=29-t=41).

In the query: The agent visits various locations, and at t=38 appears to be at a yellow goal with a green key still. But the trajectory seems incomplete or the agent hasn't properly finished - it's still holding a key and moving between rooms.

The reference shows clear task completion: reaching AND staying at the goal. The query shows the agent still exploring and moving between rooms with yellow goals, not clearly completing the task. The query ends at t=38 with the agent still active, not settled at a goal.

Fail","reference: the agent reaches yellow goal at t=29 and stays there (t=29-t=41).

In the query: The agent visits various locations, and at t=38 appears to be at a yellow goal with a green key still. But the trajectory seems incomplete or the agent hasn't properly finished - it's still holding a key and moving between rooms.

The reference shows clear task completion: reaching AND staying at the goal. The query shows the agent still exploring and moving between rooms with yellow goals, not clearly completing the task. The query ends at t=38 with the agent still active, not settled at a goal.

Fail",,,,,
47,DR.lavagap.lavagap_s000000.lavagap_s000001.cf.orig.clean.neg,lavagap,lavagap_s000001,cf,clean,neg,Fail,Fail,recoverable,Fail,recoverable,False,1193,"I need to compare the query trajectory against the reference trajectory to determine if it completes the same task.

Let me analyze the reference trajectory:
- The agent (red triangle) starts at the bottom of a corridor
- There's an orange wavy object (likely a key or item) that moves/appears
- At t=5, a green square appears (likely the goal/door being unlocked)
- The agent moves upward and interacts with the green goal
- By t=9, the agent has reached the green goal area

Now analyzing the query trajectory:
- The agent starts in a similar position
- The orange wavy object is present but behaves differently
- At t=5, there's NO green square appearing
- The orange object moves to the right side but no green goal ever appears
- The agent moves around but never interacts with a green goal
- By t=9, the agent is just standing near the orange object with no green goal visible

The key difference: In the reference, a green goal appears at t=5 and the agent successfully reaches it. In the query, no green goal ever appears, suggesting the agent failed to unlock/activate the goal condition. The orange object moved differently and the critical green goal state was never achieved.

Fail"," behaves differently
- At t=5, there's NO green square appearing
- The orange object moves to the right side but no green goal ever appears
- The agent moves around but never interacts with a green goal
- By t=9, the agent is just standing near the orange object with no green goal visible

The key difference: In the reference, a green goal appears at t=5 and the agent successfully reaches it. In the query, no green goal ever appears, suggesting the agent failed to unlock/activate the goal condition. The orange object moved differently and the critical green goal state was never achieved.

Fail",,,,,
45,DR.lavagap.lavagap_s000000.lavagap_s000001.cf.orig.clean.neu,lavagap,lavagap_s000001,cf,clean,neu,Fail,Fail,recoverable,Fail,recoverable,False,1441,"I need to compare the Reference and Query trajectories to determine if the Query completes the same task.

Let me analyze the Reference trajectory:
- At t=0 to t=3: The agent (red triangle) moves right, and the yellow wavy object (likely a key or item) moves with it, sliding along the wall
- At t=4: The agent is at a new position, and the yellow object is no longer visible with it
- At t=5 to t=9: The agent interacts with a green object and the yellow object appears to be carried or manipulated to a goal location

The key pattern in Reference: The agent picks up the yellow object, carries it, and delivers it to a destination (indicated by the green square appearing, likely a goal).

Now analyzing the Query trajectory:
- At t=0 to t=3: Similar movement - agent moves right, yellow object slides along the wall
- At t=4: Agent at similar position as Reference t=4
- At t=5 to t=9: The yellow object is moving along the right wall, but there's **no green square** appearing

In the Reference, the green square appears at t=5 and persists, indicating successful delivery. In the Query, the yellow object moves but never reaches a goal state (no green square). The yellow object seems to just slide along the wall without being properly delivered.

The critical difference: The Reference shows successful completion (green goal square appears), while the Query shows the yellow object moving but not reaching the goal destination.

Fail","ilar position as Reference t=4
- At t=5 to t=9: The yellow object is moving along the right wall, but there's **no green square** appearing

In the Reference, the green square appears at t=5 and persists, indicating successful delivery. In the Query, the yellow object moves but never reaches a goal state (no green square). The yellow object seems to just slide along the wall without being properly delivered.

The critical difference: The Reference shows successful completion (green goal square appears), while the Query shows the yellow object moving but not reaching the goal destination.

Fail",,,,,
46,DR.lavagap.lavagap_s000000.lavagap_s000001.cf.orig.clean.pos,lavagap,lavagap_s000001,cf,clean,pos,Fail,Fail,recoverable,Fail,recoverable,False,1190,"I need to compare the query trajectory against the reference trajectory to determine if the task goal is completed.

Let me analyze the reference trajectory:
- The agent (red triangle) starts at the bottom of an L-shaped room
- There's an orange wavy object (likely a key or item) that moves/appears
- At t=5, a green square appears (likely the goal/door being unlocked)
- The agent moves upward and interacts with the green goal
- By t=9, the agent reaches the green goal area

Now analyzing the query trajectory:
- The agent starts in the same position
- The orange wavy object is present but the agent doesn't seem to interact with it properly
- Looking at t=5-t=9: The orange object moves to the right side, but there's no green square appearing
- The agent stays at the bottom and doesn't reach any goal
- Most importantly: there's no green square (goal) that appears in the query trajectory, unlike the reference where green appears at t=5

The key difference is that in the reference, a green goal appears (indicating successful task completion/unlocking), while in the query, no green goal ever appears. The agent in the query also doesn't navigate to where the goal would be.

Fail"," but the agent doesn't seem to interact with it properly
- Looking at t=5-t=9: The orange object moves to the right side, but there's no green square appearing
- The agent stays at the bottom and doesn't reach any goal
- Most importantly: there's no green square (goal) that appears in the query trajectory, unlike the reference where green appears at t=5

The key difference is that in the reference, a green goal appears (indicating successful task completion/unlocking), while in the query, no green goal ever appears. The agent in the query also doesn't navigate to where the goal would be.

Fail",,,,,
48,DR.lavagap.lavagap_s000000.lavagap_s000001.cf.orig.style.neu,lavagap,lavagap_s000001,cf,style,neu,Fail,Fail,recoverable,Fail,recoverable,False,1179,"I need to compare the Query trajectory to the Reference trajectory to determine if it completes the same task.

Let me analyze the Reference trajectory:
- At t=0 to t=3: The agent (red triangle) moves right, and the yellow ""lava"" or object moves right as well
- At t=4: The agent is at the bottom left
- At t=5: A green goal appears and the agent moves up toward it
- At t=6-t=9: The agent continues moving up and reaches the green goal

The task appears to be: navigate to reach the green goal square.

Now analyzing the Query trajectory:
- At t=0 to t=3: Similar setup, agent moves right, yellow object moves right
- At t=4: Agent at bottom left (similar position)
- At t=5: The agent moves up, BUT there is NO green goal square visible
- At t=6-t=9: The agent moves up and right, following the yellow object, but never encounters a green goal

The key difference: In the Reference, a green goal appears at t=5 and the agent successfully reaches it. In the Query, no green goal ever appears, and the agent just follows the yellow object without reaching any goal.

The Query trajectory does not complete the task because the green goal never appears and is never reached.

Fail","oves right, yellow object moves right
- At t=4: Agent at bottom left (similar position)
- At t=5: The agent moves up, BUT there is NO green goal square visible
- At t=6-t=9: The agent moves up and right, following the yellow object, but never encounters a green goal

The key difference: In the Reference, a green goal appears at t=5 and the agent successfully reaches it. In the Query, no green goal ever appears, and the agent just follows the yellow object without reaching any goal.

The Query trajectory does not complete the task because the green goal never appears and is never reached.

Fail",,,,,
49,DR.lavagap.lavagap_s000000.lavagap_s000001.full.orig.clean.neu,lavagap,lavagap_s000001,full,clean,neu,Success,Success,recoverable,Success,recoverable,False,1785,"I need to compare the Reference and Query trajectories to determine if the Query completes the same task.

Let me analyze the key elements:
- Red triangle: The agent
- Green square: The goal/key objective
- Orange wavy pattern: The ""lava"" or obstacle that needs to be avoided/pushed

In the Reference trajectory:
- t=0 to t=3: The agent pushes the orange block to the right, moving it toward the corner
- t=4: The agent moves down to reposition
- t=5 to t=9: The agent goes to the green goal and stays there, having successfully moved the orange block out of the way

In the Query trajectory:
- t=0 to t=3: The agent pushes the orange block to the right (similar pattern)
- t=4: The agent moves down to reposition (same as reference)
- t=5 to t=9: The agent goes to the green goal

However, looking more carefully at the orange block positions:
- Reference: At t=9, the orange block is in the bottom right corner, completely out of the way
- Query: At t=9, the orange block is still in the bottom right area but positioned differently - it appears the agent didn't push it as far into the corner

Actually, looking more precisely at t=9 in both:
- Reference: orange block is at the very bottom right, agent at green goal
- Query: orange block is at bottom right but one position higher, agent at green goal

Wait - let me recheck. Looking at t=9 in Query - the orange block appears to be in the bottom right corner similarly. The key question is whether the task goal is reached (getting to green).

Both trajectories end with the agent at the green goal. The task appears to be: push the orange block out of the way and reach the green goal.

In Query t=9: The agent is at the green goal, and the orange block is in the corner. This matches the successful completion pattern.

Success","y bottom right, agent at green goal
- Query: orange block is at bottom right but one position higher, agent at green goal

Wait - let me recheck. Looking at t=9 in Query - the orange block appears to be in the bottom right corner similarly. The key question is whether the task goal is reached (getting to green).

Both trajectories end with the agent at the green goal. The task appears to be: push the orange block out of the way and reach the green goal.

In Query t=9: The agent is at the green goal, and the orange block is in the corner. This matches the successful completion pattern.

Success",,,,,
50,DR.lavagap.lavagap_s000000.lavagap_s000001.full.orig.clean.pos,lavagap,lavagap_s000001,full,clean,pos,Success,Fail,recoverable,Fail,recoverable,False,1361,"I need to compare the query trajectory against the reference trajectory to determine if it completes the same task.

Let me analyze what happens in the reference trajectory:
- The agent (red triangle) starts at the bottom of a gray structure
- The goal is to get the yellow/orange object (looks like a key or item) and bring it to the green square (goal)
- In the reference: at t=0-t=3, the yellow object moves right; at t=5, the agent reaches the green square with the yellow object, and continues to hold it while reaching the goal

In the query trajectory:
- t=0-t=3: Similar setup, the yellow object is present and moves right, but the agent doesn't pick it up immediately
- At t=5: The agent is at the green square, but the yellow object is to the right of the agent, not being carried
- At t=6-t=7: The yellow object is still separate from the agent
- At t=8-t=9: The agent is near the green square with the yellow object nearby but not clearly being carried to the goal in the same way

The key difference: In the reference trajectory, the agent picks up the yellow object and carries it to the green goal square. In the query trajectory, the yellow object ends up to the right side and doesn't appear to be properly collected and delivered to the green square. The agent reaches the green square at t=5 but without the yellow object being carried.

Fail"," the agent, not being carried
- At t=6-t=7: The yellow object is still separate from the agent
- At t=8-t=9: The agent is near the green square with the yellow object nearby but not clearly being carried to the goal in the same way

The key difference: In the reference trajectory, the agent picks up the yellow object and carries it to the green goal square. In the query trajectory, the yellow object ends up to the right side and doesn't appear to be properly collected and delivered to the green square. The agent reaches the green square at t=5 but without the yellow object being carried.

Fail",,,,,
63,DR.lavagap.lavagap_s000000.lavagap_s000002.full.orig.clean.neg,lavagap,lavagap_s000002,full,clean,neg,Success,Success,recoverable,Success,recoverable,False,1035,"I'll analyze both trajectories to determine if the query trajectory completes the same task as the reference.

**Reference Trajectory Analysis:**
- The agent (red triangle) starts at the bottom of an L-shaped room
- The goal (green square) appears at t=5 in the upper left area
- The agent moves toward the goal, navigating around the orange wavy obstacle
- By t=9, the agent reaches the green goal and the episode ends successfully

**Query Trajectory Analysis:**
- Same starting position and environment layout
- The goal (green square) also appears at t=5 in the same location
- The agent moves upward toward the goal
- At t=9, the agent is positioned at the green goal (same final position as reference)

Comparing the final states:
- Reference at t=9: Agent at green goal ✓
- Query at t=9: Agent at green goal ✓

Both trajectories show the agent successfully reaching the green goal. The paths are slightly different in how they navigate around the orange obstacle, but both accomplish the objective of reaching the goal.

Success","*Query Trajectory Analysis:**
- Same starting position and environment layout
- The goal (green square) also appears at t=5 in the same location
- The agent moves upward toward the goal
- At t=9, the agent is positioned at the green goal (same final position as reference)

Comparing the final states:
- Reference at t=9: Agent at green goal ✓
- Query at t=9: Agent at green goal ✓

Both trajectories show the agent successfully reaching the green goal. The paths are slightly different in how they navigate around the orange obstacle, but both accomplish the objective of reaching the goal.

Success",,,,,
62,DR.lavagap.lavagap_s000000.lavagap_s000002.full.orig.clean.pos,lavagap,lavagap_s000002,full,clean,pos,Success,Success,recoverable,Success,recoverable,False,1341,"I need to compare the query trajectory to the reference trajectory to determine if it completes the same task goal.

Let me analyze both trajectories:

**Reference (Known Success):**
- t=0 to t=3: The agent (red triangle) moves right, and the yellow block moves right with it
- t=4: The agent is positioned at the bottom
- t=5 to t=9: The agent pushes the yellow block upward through the corridor, with a green cell appearing (goal/indicator), and finally the yellow block reaches the top area

**Query trajectory:**
- t=0 to t=3: The agent moves right, and the yellow block moves right with it - matches reference
- t=4: The agent is positioned at the bottom - matches reference
- t=5 to t=9: The agent pushes the yellow block upward through the corridor, with a green cell appearing, and the yellow block reaches the top area

Comparing key frames:
- At t=5, both show green cell and yellow block starting to move up
- At t=6, both show green cell and yellow block moved up
- At t=7, both show green cell and yellow block further up
- At t=8, both show green cell and yellow block near top
- At t=9, both show yellow block at the top in the goal area

The query trajectory appears to successfully complete the same task: moving the yellow block from its starting position, through the corridor, and up to the goal area at the top.

Success","h the corridor, with a green cell appearing, and the yellow block reaches the top area

Comparing key frames:
- At t=5, both show green cell and yellow block starting to move up
- At t=6, both show green cell and yellow block moved up
- At t=7, both show green cell and yellow block further up
- At t=8, both show green cell and yellow block near top
- At t=9, both show yellow block at the top in the goal area

The query trajectory appears to successfully complete the same task: moving the yellow block from its starting position, through the corridor, and up to the goal area at the top.

Success",,,,,
64,DR.lavagap.lavagap_s000000.lavagap_s000002.full.orig.style.neu,lavagap,lavagap_s000002,full,style,neu,Success,Success,recoverable,Success,recoverable,False,1291,"Looking at these two trajectories, I need to compare the key elements and outcomes.

**Reference trajectory analysis:**
- The agent (red triangle) starts at the bottom
- There's a yellow wavy object that moves/appears at different positions
- At t=5, a green square appears and the agent interacts with the yellow object
- The green square persists through t=6, t=7, t=8, t=9
- By t=9, the yellow object is positioned near the agent at the bottom

**Query trajectory analysis:**
- Similar setup with the agent starting at the bottom
- The yellow wavy object follows a similar movement pattern initially
- At t=5, a green square appears (same timing as reference)
- The green square persists through t=6, t=7, t=8
- At t=9, the yellow object is positioned near the agent at the bottom, similar to reference

Key observations:
- Both show the green indicator appearing at t=5 (suggesting task completion signal)
- The green square remains present in both cases after appearing
- The final state at t=9 shows similar configuration: agent at bottom with yellow object nearby and green indicator present

The query trajectory appears to replicate the successful completion pattern of the reference, with the green success indicator appearing and remaining through the end of the episode.

Success","through t=6, t=7, t=8
- At t=9, the yellow object is positioned near the agent at the bottom, similar to reference

Key observations:
- Both show the green indicator appearing at t=5 (suggesting task completion signal)
- The green square remains present in both cases after appearing
- The final state at t=9 shows similar configuration: agent at bottom with yellow object nearby and green indicator present

The query trajectory appears to replicate the successful completion pattern of the reference, with the green success indicator appearing and remaining through the end of the episode.

Success",,,,,
55,DR.lavagap.lavagap_s000000.lavagap_s000001.nocue.orig.clean.neg,lavagap,lavagap_s000001,nocue,clean,neg,Success,Success,recoverable,Success,recoverable,False,1463,"Looking at these two trajectories, I need to compare the task completion in the Reference vs the Query.

**Reference trajectory analysis:**
- The agent (red triangle) starts at the bottom of an L-shaped corridor
- A yellow ""lava"" hazard moves from right to left across the top corridor (t=0 to t=3)
- At t=4, the agent moves to a lower area
- At t=5, a green goal appears and the yellow hazard appears vertically
- The agent moves up and reaches the green goal by t=8, completing the task

**Query trajectory analysis:**
- Same initial setup with the L-shaped corridor
- The black bar (closed door/hazard) appears and moves similarly
- At t=5, the green goal appears, but the yellow hazard is positioned on the RIGHT side of the corridor, not overlapping with the agent's path upward
- The agent moves up toward the green goal
- By t=8, the agent reaches the green goal area

The key difference is in the hazard positioning. In the Reference, the yellow hazard is in the same vertical channel as the agent's path upward, creating a timing challenge. In the Query, the yellow hazard is on the right side, not blocking the agent's direct path to the green goal.

However, looking more carefully at t=9 in both:
- Reference: agent is at green goal with hazard nearby
- Query: agent appears to reach the green goal successfully

Both trajectories show the agent reaching the green goal. The Query trajectory does complete the task of reaching the green goal.

Success","n goal area

The key difference is in the hazard positioning. In the Reference, the yellow hazard is in the same vertical channel as the agent's path upward, creating a timing challenge. In the Query, the yellow hazard is on the right side, not blocking the agent's direct path to the green goal.

However, looking more carefully at t=9 in both:
- Reference: agent is at green goal with hazard nearby
- Query: agent appears to reach the green goal successfully

Both trajectories show the agent reaching the green goal. The Query trajectory does complete the task of reaching the green goal.

Success",,,,,
53,DR.lavagap.lavagap_s000000.lavagap_s000001.nocue.orig.clean.neu,lavagap,lavagap_s000001,nocue,clean,neu,Success,Fail,recoverable,Fail,recoverable,False,1627,"I need to compare the Query trajectory to the Reference trajectory to determine if the task goal is completed.

Let me analyze the Reference trajectory:
- At t=0 to t=3: The agent (red triangle) moves right, and an orange wavy object (likely a key or item) moves with it
- At t=4: The agent wraps around to the bottom left
- At t=5 to t=9: The agent moves up, picks up a green object (likely a goal), and the orange wavy object follows

The pattern shows: agent moves to collect something (orange object), then wraps around, then interacts with a green goal object.

Now analyzing the Query trajectory:
- At t=0 to t=3: The agent moves right, but there's a black horizontal bar instead of the orange wavy object
- At t=4: The agent wraps around to the bottom left (same as reference)
- At t=5 to t=9: The agent moves up, and there's a green object AND the orange wavy object appears on the right side

Key differences in Query:
- The orange wavy object doesn't follow the agent in the same way initially
- At t=5, the green object appears but the orange object is on the far right, not with the agent
- The agent doesn't appear to properly collect/interact with the objects in the same manner

In the Reference, the orange object stays with the agent throughout after initial contact, suggesting proper collection. In the Query, the orange object appears separated and the interaction pattern is different.

The task appears to involve collecting the orange object and then reaching the green goal. The Query trajectory shows a different, less coordinated interaction where the objects aren't properly collected together.

Fail","ect appears but the orange object is on the far right, not with the agent
- The agent doesn't appear to properly collect/interact with the objects in the same manner

In the Reference, the orange object stays with the agent throughout after initial contact, suggesting proper collection. In the Query, the orange object appears separated and the interaction pattern is different.

The task appears to involve collecting the orange object and then reaching the green goal. The Query trajectory shows a different, less coordinated interaction where the objects aren't properly collected together.

Fail",,,,,
54,DR.lavagap.lavagap_s000000.lavagap_s000001.nocue.orig.clean.pos,lavagap,lavagap_s000001,nocue,clean,pos,Success,Success,recoverable,Success,recoverable,False,915,"Success

Looking at the reference trajectory, the task involves:
- A red triangle agent that needs to navigate to and interact with an orange wavy object (likely a key or goal)
- The green square appears to be a door or switch that opens access
- The agent moves through the environment and eventually reaches the orange object

In the query trajectory:
- The red triangle agent follows a similar path through the environment
- At t=5, the green square appears (door opens) and the orange wavy object is accessible
- The agent progresses through the same spatial layout
- By t=9, the agent appears to have successfully reached/interacted with the goal object

The query trajectory demonstrates the same successful completion pattern: navigating the environment, the green door/switch activating, and the agent reaching the target. The spatial relationships and progression match the reference successful trajectory.","range object

In the query trajectory:
- The red triangle agent follows a similar path through the environment
- At t=5, the green square appears (door opens) and the orange wavy object is accessible
- The agent progresses through the same spatial layout
- By t=9, the agent appears to have successfully reached/interacted with the goal object

The query trajectory demonstrates the same successful completion pattern: navigating the environment, the green door/switch activating, and the agent reaching the target. The spatial relationships and progression match the reference successful trajectory.",,,,,
65,DR.lavagap.lavagap_s000000.lavagap_s000002.nocue.orig.clean.neu,lavagap,lavagap_s000002,nocue,clean,neu,Success,Success,recoverable,Success,recoverable,False,2071,"I need to compare the Query trajectory to the Reference trajectory to determine if it completes the same task.

Let me analyze the Reference trajectory:
- t=0 to t=3: An orange object (with wavy lines) moves from right to left across the top area
- t=4: The agent (red triangle) is at the bottom, and the orange object is gone
- t=5 to t=9: A green object appears and moves down, with the orange object now below it, both moving down together

The task appears to involve: first, an orange object traverses across, then the agent interacts with a green object that ""collects"" or moves with the orange object downward.

Now analyzing the Query trajectory:
- t=0 to t=3: A black bar/object moves from right to left across the middle area (similar movement pattern to the orange object in reference, but different appearance)
- t=4: The agent is at the bottom, black object is gone
- t=5 to t=9: A green object appears and moves down, with an orange object (with wavy lines) below it, both moving down together

The key difference is in t=0-t=3: the Reference has an orange wavy object, while the Query has a black bar. However, looking more carefully at t=5 onwards in the Query, the orange wavy object appears and behaves similarly to the Reference.

Wait - let me re-examine. In the Query at t=5-t=9, we see the green object and orange wavy object together moving down, which matches the Reference's t=5-t=9 pattern.

The task structure matches:
1. Object moves across top (orange in ref, black in query - but this might be a distractor or different visualization)
2. Agent waits at bottom
3. Green object appears and moves down with the orange object

Actually, looking more carefully: In the Reference, the orange object appears at t=0 and moves left. In the Query, a black object appears and moves left. Then in both cases, at t=5, the green object appears with the orange object below it.

The critical final state (t=8, t=9) shows the green and orange objects together at the bottom in both cases. The task goal appears to be successfully completed in both.

Success","p (orange in ref, black in query - but this might be a distractor or different visualization)
2. Agent waits at bottom
3. Green object appears and moves down with the orange object

Actually, looking more carefully: In the Reference, the orange object appears at t=0 and moves left. In the Query, a black object appears and moves left. Then in both cases, at t=5, the green object appears with the orange object below it.

The critical final state (t=8, t=9) shows the green and orange objects together at the bottom in both cases. The task goal appears to be successfully completed in both.

Success",,,,,
66,DR.lavagap.lavagap_s000000.lavagap_s000002.nocue.orig.clean.pos,lavagap,lavagap_s000002,nocue,clean,pos,Success,Success,recoverable,Success,recoverable,False,590,"Success

The query trajectory successfully completes the same task as the reference trajectory. Both trajectories show:
- The agent (red triangle) navigating through the environment
- A key (green square) being collected
- A door (orange wavy pattern) being opened
- The agent reaching the goal area

The query trajectory mirrors the reference trajectory's structure: initial navigation, key collection at t=5, door interaction, and successful completion. The black bars in the query's early frames represent the closed door state, which opens after key collection just as in the reference.","Success

The query trajectory successfully completes the same task as the reference trajectory. Both trajectories show:
- The agent (red triangle) navigating through the environment
- A key (green square) being collected
- A door (orange wavy pattern) being opened
- The agent reaching the goal area

The query trajectory mirrors the reference trajectory's structure: initial navigation, key collection at t=5, door interaction, and successful completion. The black bars in the query's early frames represent the closed door state, which opens after key collection just as in the reference.",,,,,
68,DR.lavagap.lavagap_s000000.lavagap_s000002.nocue.orig.style.neu,lavagap,lavagap_s000002,nocue,style,neu,Success,Success,recoverable,Success,recoverable,False,1438,"I need to compare the Reference and Query trajectories to determine if they both complete the same task.

Let me analyze what's happening in each:

**Reference (Known Success):**
- t=0 to t=3: An orange wavy object (likely a key or item) moves from right to left, then disappears (picked up by agent)
- t=4: Agent is alone
- t=5 to t=9: A green square appears and moves down (the agent carrying/delivering something to a goal location)

The pattern shows: item moves toward agent → agent picks up item → agent delivers green square to goal location (the red triangle at bottom)

**Query:**
- t=0 to t=3: A black horizontal bar moves from right to left, then disappears (picked up by agent)
- t=4: Agent is alone
- t=5 to t=9: A green square appears and moves down toward the red triangle, ending at t=9 with the green square next to the wavy object near the red triangle

Both trajectories show:
1. An object moving toward the agent (orange wavy in ref, black bar in query - different items but same mechanic)
2. Object disappears at t=3 (picked up)
3. Green square appears at t=5 and moves down toward the goal
4. Both end with the green square delivered near the red triangle agent position

The key structural elements match: pickup → delivery → completion at goal location. The visual appearance of the collected item differs (wavy orange vs black bar), but the task structure and successful completion pattern are identical.

Success","avy object near the red triangle

Both trajectories show:
1. An object moving toward the agent (orange wavy in ref, black bar in query - different items but same mechanic)
2. Object disappears at t=3 (picked up)
3. Green square appears at t=5 and moves down toward the goal
4. Both end with the green square delivered near the red triangle agent position

The key structural elements match: pickup → delivery → completion at goal location. The visual appearance of the collected item differs (wavy orange vs black bar), but the task structure and successful completion pattern are identical.

Success",,,,,
69,DR.memory.memory_s000000.memory_s000001.cf.orig.clean.neu,memory,memory_s000001,cf,clean,neu,Fail,Success,recoverable,Success,recoverable,False,510,"Success

The query trajectory shows the same overall pattern as the reference: the green circle (agent) and green key-like figure both move through a similar corridor structure, descending through vertical passages and moving horizontally across platforms. Both trajectories end with the agent reaching the bottom of a vertical shaft where the red triangle (goal) is located. The query simply takes more time steps (t=0 to t=8) to complete the same path, but achieves the same final state of reaching the goal.","Success

The query trajectory shows the same overall pattern as the reference: the green circle (agent) and green key-like figure both move through a similar corridor structure, descending through vertical passages and moving horizontally across platforms. Both trajectories end with the agent reaching the bottom of a vertical shaft where the red triangle (goal) is located. The query simply takes more time steps (t=0 to t=8) to complete the same path, but achieves the same final state of reaching the goal.",,,,,
70,DR.memory.memory_s000000.memory_s000001.cf.orig.clean.pos,memory,memory_s000001,cf,clean,pos,Fail,Success,recoverable,Success,recoverable,False,1242,"I'll analyze both trajectories to determine if they complete the same task.

**Reference Trajectory Analysis:**
- t=0: Agent (green circle) starts near a key (green symbol), red triangle below
- t=1: Agent moves right, key is now in different position (agent carrying key?)
- t=2: Agent continues right with key
- t=3: Agent is at a door (grey vertical structure), key appears used/unlock
- t=4: Agent goes through door, reaches goal area

The reference shows: agent picks up key → moves to door → unlocks door → passes through → completes task

**Query Trajectory Analysis:**
- t=0: Agent starts, key visible
- t=1: Agent moves down/right, key position changes (carrying key)
- t=2: Agent continues with key
- t=3: Agent moves right with key
- t=4-6: Agent traverses similar path with key
- t=7: Agent at door structure with key
- t=8: Agent goes through door, reaches bottom area with key

The query shows a longer path but same essential pattern: agent picks up key → navigates to door → unlocks door → passes through. However, looking more carefully at t=7 and t=8, the agent reaches the door and goes through to the goal area.

Both trajectories successfully: pick up the key, unlock the door, and pass through to the goal area.

Success","ey position changes (carrying key)
- t=2: Agent continues with key
- t=3: Agent moves right with key
- t=4-6: Agent traverses similar path with key
- t=7: Agent at door structure with key
- t=8: Agent goes through door, reaches bottom area with key

The query shows a longer path but same essential pattern: agent picks up key → navigates to door → unlocks door → passes through. However, looking more carefully at t=7 and t=8, the agent reaches the door and goes through to the goal area.

Both trajectories successfully: pick up the key, unlock the door, and pass through to the goal area.

Success",,,,,
81,DR.memory.memory_s000000.memory_s000002.cf.orig.clean.neg,memory,memory_s000002,cf,clean,neg,Fail,Success,recoverable,Success,recoverable,False,1940,"I need to compare the Reference and Query trajectories to determine if the Query completes the same task.

Let me analyze both trajectories:

**Reference (Known Success):**
- t=0: Agent (green key icon) at left, green circle to the right, red triangle below
- t=1: Agent moved right, green circle moved right, red triangle in center
- t=2: Agent moved right, green circle further right, red triangle in center
- t=3: Agent at top of vertical corridor, green circle in corridor, red triangle at bottom
- t=4: Agent moved down, green circle further down, red triangle at bottom

The pattern shows the agent (green key) moving with the green circle, and the red triangle following/tracking them. At t=4, the green circle and red triangle are close together at the bottom.

**Query:**
- t=0: Same as reference - agent left, green circle right, red triangle below
- t=1: Same as reference - agent moved right, green circle right, red triangle center
- t=2: Same as reference - agent right, green circle right, red triangle center
- t=3: Same as reference - agent at top of vertical corridor, green circle in corridor, red triangle at bottom
- t=4: Agent moved down, green circle further down, red triangle at bottom

Looking carefully at t=4 in both:
- Reference: green circle is above the red triangle (one cell apart)
- Query: green circle appears to be at the same position or very similar

Actually, let me look more carefully at t=4. In the Reference, the green circle is one cell above the red triangle. In the Query, the green circle also appears to be one cell above the red triangle.

Wait - looking more precisely at the Query t=4: The green circle and red triangle positions appear identical to the Reference. Both show successful completion with the green circle positioned above the red triangle in the vertical corridor.

The trajectories appear identical in all time steps. The Query successfully completes the same task.

Success","ears to be at the same position or very similar

Actually, let me look more carefully at t=4. In the Reference, the green circle is one cell above the red triangle. In the Query, the green circle also appears to be one cell above the red triangle.

Wait - looking more precisely at the Query t=4: The green circle and red triangle positions appear identical to the Reference. Both show successful completion with the green circle positioned above the red triangle in the vertical corridor.

The trajectories appear identical in all time steps. The Query successfully completes the same task.

Success",,,,,
80,DR.memory.memory_s000000.memory_s000002.cf.orig.clean.neu,memory,memory_s000002,cf,clean,neu,Fail,Success,recoverable,Success,recoverable,False,1262,"I need to compare the Reference and Query trajectories to determine if they both complete the same task.

Let me analyze the key elements:
- Green circle: likely the goal/objective
- Red triangle: likely the agent
- Green key: likely a tool/object to collect

Looking at the Reference trajectory (t=0 to t=4):
- t=0: Agent (red triangle) is at bottom, key is to the left, goal (green circle) is to the right
- t=1: Agent moves right, key also appears to move right
- t=2: Agent and key continue moving right toward goal
- t=3: Agent reaches area with goal (green circle visible in vertical corridor)
- t=4: Agent is at bottom of vertical corridor with goal above it

Looking at the Query trajectory (t=0 to t=4):
- The positions at t=0, t=1, t=2, t=3 appear identical to the Reference
- At t=4: The agent (red triangle) is at the bottom of the vertical corridor, and the goal (green circle) is above it, same as Reference

Both trajectories show:
- The agent successfully navigating through the environment
- Reaching the same final state at t=4 with agent at bottom of vertical corridor and goal above
- The same sequence of movements and object interactions

The Query trajectory appears to be identical to the Reference trajectory in all key aspects.

Success"," it

Looking at the Query trajectory (t=0 to t=4):
- The positions at t=0, t=1, t=2, t=3 appear identical to the Reference
- At t=4: The agent (red triangle) is at the bottom of the vertical corridor, and the goal (green circle) is above it, same as Reference

Both trajectories show:
- The agent successfully navigating through the environment
- Reaching the same final state at t=4 with agent at bottom of vertical corridor and goal above
- The same sequence of movements and object interactions

The Query trajectory appears to be identical to the Reference trajectory in all key aspects.

Success",,,,,
82,DR.memory.memory_s000000.memory_s000002.cf.orig.style.neu,memory,memory_s000002,cf,style,neu,Fail,Success,recoverable,Success,recoverable,False,874,"Looking at these two trajectories, I need to compare the positions of the key elements (green circle = goal, red triangle = agent, green key = key) at each time step.

**Reference (Known Success):**
- t=0: Agent at bottom, key to the left, goal to the right
- t=1: Agent moved right, key collected (disappears), still on path to goal
- t=2: Agent continues right toward goal
- t=3: Agent moved up vertical passage, goal visible above
- t=4: Agent reached goal (green circle)

**Query:**
- t=0: Same starting configuration
- t=1: Same - agent moved right, key collected
- t=2: Same - agent continues right
- t=3: Same - agent moved up vertical passage
- t=4: Agent is at the goal position (green circle), same as reference

The query trajectory matches the reference trajectory exactly at all time steps. The agent successfully collects the key and reaches the goal.

Success","ed right, key collected (disappears), still on path to goal
- t=2: Agent continues right toward goal
- t=3: Agent moved up vertical passage, goal visible above
- t=4: Agent reached goal (green circle)

**Query:**
- t=0: Same starting configuration
- t=1: Same - agent moved right, key collected
- t=2: Same - agent continues right
- t=3: Same - agent moved up vertical passage
- t=4: Agent is at the goal position (green circle), same as reference

The query trajectory matches the reference trajectory exactly at all time steps. The agent successfully collects the key and reaches the goal.

Success",,,,,
75,DR.memory.memory_s000000.memory_s000001.full.orig.clean.neg,memory,memory_s000001,full,clean,neg,Success,Success,recoverable,Success,recoverable,False,1812,"I need to compare the Query trajectory to the Reference trajectory to determine if they complete the same task.

Let me analyze the Reference trajectory:
- t=0: Agent starts at top-left, green ball is to the right, red triangle (goal/hazard) below
- t=1: Agent moves right
- t=2: Agent moves right, approaching green ball
- t=3: Agent has moved up and right, now in vertical corridor, green ball is in that corridor
- t=4: Agent is descending the vertical corridor, green ball is above the red triangle

The reference shows the agent navigating to get the green ball and then descending to reach the red triangle at the bottom.

Now analyzing the Query trajectory:
- t=0 to t=3: The agent moves right across similar horizontal corridors (matching reference t=0 to t=2 pattern)
- t=4 to t=7: The agent continues this rightward movement pattern, going through multiple corridor structures
- Looking more carefully at t=4-t=7: The agent appears to be looping or extending the pattern, moving through t=4, t=5, t=6, t=7 with similar horizontal structures
- At t=7: The agent is in a vertical corridor with green ball and red triangle positioned similarly to reference t=3
- t=8: The agent descends to the bottom with green ball collected, reaching the red triangle

The key difference: The Query trajectory takes a much longer path (t=0 through t=8) with repeated corridor patterns, suggesting the agent is circling or taking a suboptimal route. However, looking at the end state at t=8, it appears to match the reference's completion state at t=4 - the agent has the green ball and reaches the red triangle at the bottom of the vertical corridor.

Despite the longer path, the query trajectory appears to eventually complete the same objective: collecting the green ball and reaching the red triangle goal.

Success"," green ball collected, reaching the red triangle

The key difference: The Query trajectory takes a much longer path (t=0 through t=8) with repeated corridor patterns, suggesting the agent is circling or taking a suboptimal route. However, looking at the end state at t=8, it appears to match the reference's completion state at t=4 - the agent has the green ball and reaches the red triangle at the bottom of the vertical corridor.

Despite the longer path, the query trajectory appears to eventually complete the same objective: collecting the green ball and reaching the red triangle goal.

Success",,,,,
73,DR.memory.memory_s000000.memory_s000001.full.orig.clean.neu,memory,memory_s000001,full,clean,neu,Success,Success,recoverable,Success,recoverable,False,464,"Success

The Query trajectory shows the same sequence of states as the Reference trajectory, just with additional intermediate steps (t=4, t=5, t=6, t=7) where the agent appears to pause or take extra steps before completing the same final sequence. Both trajectories end with the agent reaching the green goal circle after passing through the same corridor structure with the red triangle hazard. The overall path and final outcome match the successful reference.","Success

The Query trajectory shows the same sequence of states as the Reference trajectory, just with additional intermediate steps (t=4, t=5, t=6, t=7) where the agent appears to pause or take extra steps before completing the same final sequence. Both trajectories end with the agent reaching the green goal circle after passing through the same corridor structure with the red triangle hazard. The overall path and final outcome match the successful reference.",,,,,
74,DR.memory.memory_s000000.memory_s000001.full.orig.clean.pos,memory,memory_s000001,full,clean,pos,Success,Success,recoverable,Success,recoverable,False,1202,"Looking at the reference trajectory, I need to understand what the task is. The reference shows:
- t=0 to t=2: The agent (green person) moves right across platforms, with a green ball and red triangle also present
- t=3: The agent goes up through a vertical passage, the green ball is also there
- t=4: The agent and green ball are at the bottom of the vertical passage

It appears the task involves the agent reaching the green ball, or perhaps both navigating to a specific location.

In the query trajectory:
- t=0 to t=3: The agent moves right across similar platforms (matching t=0 to t=2 of reference)
- t=4 to t=6: The agent continues moving right (this extends longer than reference)
- t=7: The agent goes up through a vertical passage, with the green ball present
- t=8: The agent and green ball are at the bottom of the vertical passage

The query trajectory takes a longer path (t=0 to t=8 vs t=0 to t=4) but reaches the same final configuration - the agent and green ball together at the bottom of the vertical passage. The key elements match: the agent successfully navigates through the horizontal platforms, enters the vertical passage, and reaches the green ball at the bottom.

Success","ence)
- t=4 to t=6: The agent continues moving right (this extends longer than reference)
- t=7: The agent goes up through a vertical passage, with the green ball present
- t=8: The agent and green ball are at the bottom of the vertical passage

The query trajectory takes a longer path (t=0 to t=8 vs t=0 to t=4) but reaches the same final configuration - the agent and green ball together at the bottom of the vertical passage. The key elements match: the agent successfully navigates through the horizontal platforms, enters the vertical passage, and reaches the green ball at the bottom.

Success",,,,,
76,DR.memory.memory_s000000.memory_s000001.full.orig.style.neu,memory,memory_s000001,full,style,neu,Success,Success,recoverable,Success,recoverable,False,1342,"I'll analyze both trajectories to determine if the Query trajectory successfully completes the same task as the Reference trajectory.

**Reference Trajectory Analysis:**
- t=0: Agent (green figure) starts near a green circle (goal), with a red triangle below
- t=1: Agent moves right, away from starting position
- t=2: Agent continues right
- t=3: Agent is in a vertical corridor, descending toward the green circle
- t=4: Agent reaches the green circle (goal) at the bottom - **SUCCESS**

The task appears to be: navigate from the starting area, move through the horizontal corridor, then down the vertical corridor to reach the green circle goal.

**Query Trajectory Analysis:**
- t=0 to t=3: Agent moves right through the horizontal corridor (similar to reference t=0 to t=2)
- t=4 to t=6: Agent continues the pattern, moving through corridors
- t=7: Agent is in the vertical corridor, descending
- t=8: Agent reaches the green circle at the bottom

The Query trajectory shows the agent following a similar path - moving right through horizontal corridors, then descending through a vertical corridor to reach the green circle goal. The pattern and final state match: the agent successfully reaches the green circle goal.

Both trajectories end with the agent reaching the green circle goal in the vertical passage at the bottom.

Success","dor (similar to reference t=0 to t=2)
- t=4 to t=6: Agent continues the pattern, moving through corridors
- t=7: Agent is in the vertical corridor, descending
- t=8: Agent reaches the green circle at the bottom

The Query trajectory shows the agent following a similar path - moving right through horizontal corridors, then descending through a vertical corridor to reach the green circle goal. The pattern and final state match: the agent successfully reaches the green circle goal.

Both trajectories end with the agent reaching the green circle goal in the vertical passage at the bottom.

Success",,,,,
85,DR.memory.memory_s000000.memory_s000002.full.orig.style.neu,memory,memory_s000002,full,style,neu,Success,Fail,recoverable,Fail,recoverable,False,1444,"I need to compare the Reference and Query trajectories to determine if the Query completes the same task.

Let me analyze the key elements:
- Green circle: likely the goal/objective
- Green key-like figure: likely the agent
- Red triangle: likely a hazard or fixed obstacle

**Reference trajectory (t=0 to t=4):**
- t=0: Agent is left, goal is right. Agent moves right toward goal
- t=1: Agent continues right, approaching goal
- t=2: Agent reaches goal (they're adjacent/overlapping)
- t=3: Agent and goal have moved to vertical corridor, agent below goal
- t=4: Agent has reached goal at bottom of vertical corridor

The pattern shows: agent starts left, collects/merges with green circle, then they move together down the vertical corridor to the bottom.

**Query trajectory (t=0 to t=4):**
- t=0: Goal (green circle) is left, agent is right - swapped positions!
- t=1: Agent moves left toward goal
- t=2: Agent reaches goal (they're adjacent)
- t=3: Agent and goal in vertical corridor, but agent is above, goal is below - opposite of reference!
- t=4: Agent at bottom alone, no green circle visible

In the Query at t=4, the agent is alone at the bottom without the green circle. The green circle was ""left behind"" or not successfully carried through the task.

In the Reference at t=4, the green circle and agent are together at the bottom.

The Query fails to maintain possession of the goal object through the complete trajectory.

Fail"," - swapped positions!
- t=1: Agent moves left toward goal
- t=2: Agent reaches goal (they're adjacent)
- t=3: Agent and goal in vertical corridor, but agent is above, goal is below - opposite of reference!
- t=4: Agent at bottom alone, no green circle visible

In the Query at t=4, the agent is alone at the bottom without the green circle. The green circle was ""left behind"" or not successfully carried through the task.

In the Reference at t=4, the green circle and agent are together at the bottom.

The Query fails to maintain possession of the goal object through the complete trajectory.

Fail",,,,,
77,DR.memory.memory_s000000.memory_s000001.nocue.orig.clean.neu,memory,memory_s000001,nocue,clean,neu,Success,Success,recoverable,Success,recoverable,False,1370,"I'll analyze both trajectories to determine if they complete the same task.

**Reference Trajectory Analysis:**
- t=0: Agent (green figure) starts near a red triangle, green ball is to the right
- t=1-t=2: Agent moves right, approaching the green ball
- t=3: Agent reaches the green ball (now in the vertical corridor)
- t=4: Agent has moved down with the green ball, reaching the red triangle at the bottom

The task appears to be: **pick up the green ball and bring it to the red triangle** (or reach the ball, then reach the triangle with it).

**Query Trajectory Analysis:**
- t=0-t=3: Agent moves through a corridor structure, going right and down
- t=4-t=5: Agent continues moving through corridors, reaching an area similar to the reference
- t=6-t=7: Agent approaches the red triangle location
- t=8: Agent is at the bottom with the green ball near the red triangle

Looking more carefully at the Query:
- The agent navigates through a more complex path (t=0 to t=7)
- At t=8, the agent has successfully reached the green ball and brought it down to the red triangle position, matching the final state of the reference

Both trajectories end with:
- The green ball (objective) collected
- The agent at the red triangle location with the green ball

The Query trajectory takes a longer path through the environment but achieves the same final goal state.

Success","aches the red triangle location
- t=8: Agent is at the bottom with the green ball near the red triangle

Looking more carefully at the Query:
- The agent navigates through a more complex path (t=0 to t=7)
- At t=8, the agent has successfully reached the green ball and brought it down to the red triangle position, matching the final state of the reference

Both trajectories end with:
- The green ball (objective) collected
- The agent at the red triangle location with the green ball

The Query trajectory takes a longer path through the environment but achieves the same final goal state.

Success",,,,,
78,DR.memory.memory_s000000.memory_s000001.nocue.orig.clean.pos,memory,memory_s000001,nocue,clean,pos,Success,Success,recoverable,Success,recoverable,False,1623,"I need to compare the query trajectory to the reference trajectory to determine if it completes the same task.

Let me analyze the reference trajectory:
- t=0: Agent (green person) starts left of a corridor, with a green ball to the right and red triangle below
- t=1: Agent moves right
- t=2: Agent moves right, approaching the green ball
- t=3: Agent is in a vertical corridor, green ball is now below (agent has moved past it)
- t=4: Agent moves down, green ball is above the red triangle

The reference shows the agent moving through a corridor, passing a green ball, and ending up in a vertical passage.

Now analyzing the query trajectory:
- t=0: Agent starts in similar position
- t=1-t=3: Agent moves down through a vertical corridor structure
- t=4-t=7: Agent continues navigating through corridors, moving down and right
- t=8: Agent ends up in a similar vertical corridor with green ball above red triangle

Looking more carefully at the environment structure and the agent's path - the query shows the agent taking a longer route through more corridor segments (t=0 through t=7) before reaching what appears to be the same final state at t=8.

The key elements to check:
- Does the agent reach the same goal area? At t=8, the query shows the agent in a vertical corridor with green ball and red triangle in same relative positions as reference's t=4.
- The environment structure at t=8 in query matches t=4 in reference.

The query trajectory successfully navigates through the environment and reaches the same goal configuration as the reference, just taking a longer path through the corridor system.

Success","ing a longer route through more corridor segments (t=0 through t=7) before reaching what appears to be the same final state at t=8.

The key elements to check:
- Does the agent reach the same goal area? At t=8, the query shows the agent in a vertical corridor with green ball and red triangle in same relative positions as reference's t=4.
- The environment structure at t=8 in query matches t=4 in reference.

The query trajectory successfully navigates through the environment and reaches the same goal configuration as the reference, just taking a longer path through the corridor system.

Success",,,,,
88,DR.memory.memory_s000000.memory_s000002.nocue.orig.clean.neg,memory,memory_s000002,nocue,clean,neg,Success,Success,recoverable,Success,recoverable,False,2148,"I need to compare the reference and query trajectories to determine if the query successfully completes the same task.

Let me analyze the key elements:
- Green circle: likely the agent/goal or object to collect
- Red triangle: likely the agent or a fixed obstacle
- Green key: likely the agent or an object to collect

In the Reference (Known Success):
- At t=0: Green key on left, green circle on right, red triangle in middle
- At t=1: Green key moved right, green circle moved right, red triangle stays
- At t=2: Green key moved further right, green circle further right, red triangle stays
- At t=3: Green circle at top of vertical shaft, red triangle at bottom
- At t=4: Green circle moved down the shaft to reach red triangle

The pattern suggests: the green circle (agent) needs to reach the red triangle (goal), and the green key might be another agent or distractor.

In the Query:
- At t=0: Green circle on left, NO green key, red triangle in middle
- At t=1: Green circle moved right, red triangle stays
- At t=2: Green circle further right, red triangle stays
- At t=3: Green circle gone from horizontal path, red triangle at shaft bottom
- At t=4: Green key appears at bottom of shaft, red triangle still there

Wait - let me re-examine. In the query at t=4, there's a green KEY, not a green CIRCLE. The reference has a green CIRCLE reaching the goal.

Actually, looking more carefully at t=3 in query: the green circle seems to have entered the vertical shaft. At t=4, we see a green key at the bottom, not a green circle.

The reference trajectory shows the green circle successfully descending to reach the red triangle. The query trajectory shows... at t=4, there's a green key at the bottom, not the green circle. The green circle appears to be missing or transformed.

Actually, re-checking: In query t=4, I see a green key-like shape at the bottom. But the reference at t=4 shows a green circle. These appear to be different outcomes.

However, looking more carefully - in the query t=4, is that a key or a circle? It looks like the green key symbol. The task seems to require the green circle (agent) to reach the red triangle","ence trajectory shows the green circle successfully descending to reach the red triangle. The query trajectory shows... at t=4, there's a green key at the bottom, not the green circle. The green circle appears to be missing or transformed.

Actually, re-checking: In query t=4, I see a green key-like shape at the bottom. But the reference at t=4 shows a green circle. These appear to be different outcomes.

However, looking more carefully - in the query t=4, is that a key or a circle? It looks like the green key symbol. The task seems to require the green circle (agent) to reach the red triangle",,,,,
90,DR.multiroom.multiroom_s000000.multiroom_s000001.cf.orig.clean.neg,multiroom,multiroom_s000001,cf,clean,neg,Fail,Fail,recoverable,Fail,recoverable,False,5,Fail.,Fail.,,,,,
91,DR.multiroom.multiroom_s000000.multiroom_s000001.cf.orig.style.neu,multiroom,multiroom_s000001,cf,style,neu,Fail,Success,recoverable,Success,recoverable,False,1361,"I need to analyze these two trajectories to determine if the query trajectory completes the same task as the reference.

Let me analyze the reference trajectory first:
- The agent (red triangle) starts at the bottom and navigates through the environment
- At t=16, the agent reaches a yellow square (goal/key)
- The agent continues moving through corridors
- At t=35, the agent reaches a green square (door/exit) and appears to unlock/open it
- By t=47, the agent has reached the final green goal and the task is complete

This appears to be a key-door task: collect a yellow key, then use it to open a green door/exit.

Now analyzing the query trajectory:
- The agent starts similarly but the environment layout appears different (randomized)
- The agent navigates through corridors, exploring the environment
- At t=33, the agent reaches a yellow square (key)
- The agent continues moving with the key
- At t=38, the agent reaches a green square and appears to interact with it
- By t=44, the agent has reached what appears to be the final goal state

Both trajectories show:
1. Starting from initial position
2. Navigating through the maze
3. Picking up a yellow key
4. Reaching and opening a green door/exit
5. Completing the task

The query trajectory successfully completes the same task pattern: obtaining the key and using it to reach the goal.

Success","ates through corridors, exploring the environment
- At t=33, the agent reaches a yellow square (key)
- The agent continues moving with the key
- At t=38, the agent reaches a green square and appears to interact with it
- By t=44, the agent has reached what appears to be the final goal state

Both trajectories show:
1. Starting from initial position
2. Navigating through the maze
3. Picking up a yellow key
4. Reaching and opening a green door/exit
5. Completing the task

The query trajectory successfully completes the same task pattern: obtaining the key and using it to reach the goal.

Success",,,,,
92,DR.multiroom.multiroom_s000000.multiroom_s000001.full.orig.clean.neu,multiroom,multiroom_s000001,full,clean,neu,Success,Success,recoverable,Success,recoverable,False,1010,"Looking at these two trajectories, I need to compare the task completion patterns.

In the **Reference (Known Success)** trajectory:
- The agent (red triangle) starts at bottom and navigates through the environment
- At t=16, a yellow square (key) appears
- The agent collects the key and uses it to unlock a door
- Eventually reaches a green square (goal) at t=42 and stays there through t=47

In the **Query** trajectory:
- The agent similarly navigates through corridors
- At t=38, a yellow square (key) appears
- The agent collects the key
- At t=42, the agent reaches a green square (goal)
- The agent continues to interact with the goal area through t=47

Both trajectories show:
- Navigation through maze-like corridors
- Collection of a key (yellow square)
- Reaching and interacting with the green goal square
- Similar ending pattern with the green goal

The query trajectory successfully completes the same task pattern: navigating the environment, obtaining the key, and reaching the goal.

Success","* trajectory:
- The agent similarly navigates through corridors
- At t=38, a yellow square (key) appears
- The agent collects the key
- At t=42, the agent reaches a green square (goal)
- The agent continues to interact with the goal area through t=47

Both trajectories show:
- Navigation through maze-like corridors
- Collection of a key (yellow square)
- Reaching and interacting with the green goal square
- Similar ending pattern with the green goal

The query trajectory successfully completes the same task pattern: navigating the environment, obtaining the key, and reaching the goal.

Success",,,,,
93,DR.multiroom.multiroom_s000000.multiroom_s000001.full.orig.clean.pos,multiroom,multiroom_s000001,full,clean,pos,Success,Success,recoverable,Success,recoverable,False,1195,"I need to compare the query trajectory to the reference trajectory to determine if it completes the same task.

Let me analyze the reference trajectory:
- The agent (red triangle) starts at the bottom and navigates through the environment
- There's a blue object that appears early (t=2) and moves around
- A yellow/green object appears around t=16-17
- The agent eventually reaches a green square goal at t=42-43 and stays there

Looking at the query trajectory:
- The agent (red triangle) starts at the bottom
- There's a blue object that appears and moves around (similar pattern)
- The agent navigates through corridors and rooms
- Around t=38-40, a yellow/green object appears
- At t=43-44, the agent reaches a green square goal

Both trajectories show:
1. Similar environment structure with gray walls
2. Agent starting at bottom (red triangle)
3. Navigation through maze-like structure
4. Interaction with colored objects (blue, then yellow/green)
5. Final arrival at green square goal

The query trajectory appears to follow a similar successful path, reaching the green goal state in the end. The overall pattern of exploration and final goal achievement matches the reference.

Success"," navigates through corridors and rooms
- Around t=38-40, a yellow/green object appears
- At t=43-44, the agent reaches a green square goal

Both trajectories show:
1. Similar environment structure with gray walls
2. Agent starting at bottom (red triangle)
3. Navigation through maze-like structure
4. Interaction with colored objects (blue, then yellow/green)
5. Final arrival at green square goal

The query trajectory appears to follow a similar successful path, reaching the green goal state in the end. The overall pattern of exploration and final goal achievement matches the reference.

Success",,,,,
104,DR.multiroom.multiroom_s000000.multiroom_s000002.full.orig.clean.neg,multiroom,multiroom_s000002,full,clean,neg,Success,Fail,recoverable,Fail,recoverable,False,5,Fail.,Fail.,,,,,
103,DR.multiroom.multiroom_s000000.multiroom_s000002.full.orig.clean.neu,multiroom,multiroom_s000002,full,clean,neu,Success,Success,recoverable,Success,recoverable,False,1434,"I need to compare the Reference (known success) and Query trajectories to determine if the Query also completes the same task.

Let me analyze the key elements:
- Red triangle: Agent position/direction
- Blue square: Door/key element
- Green square: Goal
- Yellow square with black: Key (collected)

In the Reference trajectory:
- At t=24, the agent picks up a key (yellow square appears)
- The agent carries the key through various positions
- At t=35, the agent reaches a green goal square and appears to complete the task
- The trajectory continues with green squares indicating success

In the Query trajectory:
- The agent moves through the environment
- At t=37, there's a blue square (door/key interaction)
- At t=46, the agent reaches a green square (goal)
- At t=47, the agent is still at/near a green square

Looking at the pattern: The reference shows successful completion when reaching the green goal. The query trajectory also ends with the agent reaching a green goal square at t=46-47.

However, I need to check if the task mechanics match. In the reference, the agent picks up a key (t=24) and uses it to reach the goal. In the query, I don't see a clear key pickup (yellow square), but the agent does reach a green goal at the end.

Looking more carefully at the query: The trajectory ends with green squares at t=46 and t=47, similar to how the reference ends. The agent successfully navigates to the goal.

Success","pattern: The reference shows successful completion when reaching the green goal. The query trajectory also ends with the agent reaching a green goal square at t=46-47.

However, I need to check if the task mechanics match. In the reference, the agent picks up a key (t=24) and uses it to reach the goal. In the query, I don't see a clear key pickup (yellow square), but the agent does reach a green goal at the end.

Looking more carefully at the query: The trajectory ends with green squares at t=46 and t=47, similar to how the reference ends. The agent successfully navigates to the goal.

Success",,,,,
105,DR.multiroom.multiroom_s000000.multiroom_s000002.full.orig.style.neu,multiroom,multiroom_s000002,full,style,neu,Success,Fail,recoverable,Fail,recoverable,False,2149,"I need to analyze these two trajectories to determine if the query trajectory completes the same task as the reference.

Let me examine the reference trajectory first:
- The agent (red triangle) navigates through the environment
- At t=0 to t=6, it moves through corridors
- At t=16-t=27, there's a yellow square (likely a key) that the agent picks up
- At t=34-t=47, the agent reaches a green square (the goal) and stays there

The task appears to be: navigate to get a key (yellow), then reach the goal (green).

Now examining the query trajectory:
- The agent moves through similar corridors
- Looking at t=35-t=47, the agent reaches a green square (goal)
- However, I need to check if the agent collected the key first

Looking more carefully at the query trajectory - I don't see the yellow key being collected. The agent moves through purple doors (which may be unlocked or the environment setup differs). 

In the reference, the agent clearly picks up the yellow key (visible at t=16, t=24, t=26, t=27 when near the agent) before going to the green goal.

In the query, checking t=35 onwards - the agent reaches green goal squares at t=46, t=47. But I need to verify if the key was collected. Looking through the query frames, I don't see the yellow key being picked up by the agent. The purple squares appear to be doors that are already open or don't require a key.

Wait - let me re-examine. In MiniGrid, typically:
- Yellow = key
- Green = goal
- Red triangle = agent
- Purple = locked door (needs key)
- Blue = locked door or something else

In the reference, the agent gets yellow key, then opens doors, then reaches green goal.

In the query, looking at t=35-t=47, the agent does reach green squares. But did it get the key? Scanning through query frames t=0-t=35, I don't see the agent picking up a yellow key.

Actually, re-looking: the query might have a different path. The key question is whether the task goal is achieved. If the task requires getting the key first then reaching goal, the query may fail if it didn't get the key.

Looking more carefully at query t=46-t=47: green goal reached. But checking if key was obtained -","lse

In the reference, the agent gets yellow key, then opens doors, then reaches green goal.

In the query, looking at t=35-t=47, the agent does reach green squares. But did it get the key? Scanning through query frames t=0-t=35, I don't see the agent picking up a yellow key.

Actually, re-looking: the query might have a different path. The key question is whether the task goal is achieved. If the task requires getting the key first then reaching goal, the query may fail if it didn't get the key.

Looking more carefully at query t=46-t=47: green goal reached. But checking if key was obtained -",,,,,
97,DR.multiroom.multiroom_s000000.multiroom_s000001.nocue.orig.clean.neg,multiroom,multiroom_s000001,nocue,clean,neg,Success,Success,recoverable,Success,recoverable,False,1093,"I need to compare the Reference (Known Success) and Query trajectories to determine if the Query trajectory also completes the same task.

Let me analyze what happens in the Reference trajectory:
- The agent (red triangle) starts at the bottom and navigates through the environment
- It collects a yellow key (t=16), then uses it to open a door
- It collects a green key (t=35), then uses it to open another door
- Finally reaches the green goal square (t=47, t=48) - indicating success

Now analyzing the Query trajectory:
- The agent starts similarly but takes a different path
- At t=32-t=34, it collects a yellow key
- At t=35-t=37, it collects a green key
- At t=40-t=42, it reaches the green goal square

Both trajectories show the agent successfully navigating to collect keys and reach the green goal. The Query trajectory, despite taking a different path, appears to complete the same sequence: collecting keys and reaching the green goal square.

Looking at the final frames of Query (t=40-t=47), the agent reaches the green goal square, similar to the Reference trajectory.

Success","nalyzing the Query trajectory:
- The agent starts similarly but takes a different path
- At t=32-t=34, it collects a yellow key
- At t=35-t=37, it collects a green key
- At t=40-t=42, it reaches the green goal square

Both trajectories show the agent successfully navigating to collect keys and reach the green goal. The Query trajectory, despite taking a different path, appears to complete the same sequence: collecting keys and reaching the green goal square.

Looking at the final frames of Query (t=40-t=47), the agent reaches the green goal square, similar to the Reference trajectory.

Success",,,,,
95,DR.multiroom.multiroom_s000000.multiroom_s000001.nocue.orig.clean.neu,multiroom,multiroom_s000001,nocue,clean,neu,Success,Success,recoverable,Success,recoverable,False,1197,"I need to compare the Reference and Query trajectories to determine if they both complete the same task goal.

Let me analyze the Reference trajectory:
- The agent (red triangle) starts at the bottom and navigates through the environment
- There's a key (blue square) that appears early (t=2)
- The agent collects the key, then finds a door (yellow square with green border appears at t=16, indicating the goal)
- The agent reaches the green goal square by t=47-48

Looking at the Query trajectory:
- The agent starts similarly with the red triangle
- There's a blue key that appears
- The agent navigates through various rooms
- At t=33, a yellow square with green border appears (the goal)
- The agent continues moving and by t=47-48, the agent reaches the green goal square

Both trajectories show:
1. Agent starting at bottom with red triangle
2. Key collection (blue square)
3. Navigation through maze-like structure
4. Goal appearance (yellow square with green border)
5. Final position at green square indicating success

The Query trajectory follows a different path but reaches the same goal state - the green goal square at the end, indicating successful completion of the task.

Success","avigates through various rooms
- At t=33, a yellow square with green border appears (the goal)
- The agent continues moving and by t=47-48, the agent reaches the green goal square

Both trajectories show:
1. Agent starting at bottom with red triangle
2. Key collection (blue square)
3. Navigation through maze-like structure
4. Goal appearance (yellow square with green border)
5. Final position at green square indicating success

The Query trajectory follows a different path but reaches the same goal state - the green goal square at the end, indicating successful completion of the task.

Success",,,,,
96,DR.multiroom.multiroom_s000000.multiroom_s000001.nocue.orig.clean.pos,multiroom,multiroom_s000001,nocue,clean,pos,Success,Success,recoverable,Success,recoverable,False,1248,"I need to compare the Reference and Query trajectories to determine if the Query successfully completes the same task.

Let me analyze what happens in the Reference trajectory:
- The agent (red triangle) starts at the bottom
- There's a key (appears to be yellow/green box) that needs to be collected
- There's a door (blue/purple) that needs to be opened
- There's a goal (green square) that needs to be reached

In the Reference trajectory (t=0 to t=47):
- The agent moves around, collects a key (around t=17, the yellow box appears with the agent)
- Uses the key to open doors (blue doors turn to open/gray)
- Eventually reaches and stays at a green goal square (t=42 onwards, green square appears)

In the Query trajectory (t=0 to t=47):
- The agent moves through the environment
- Collects a key (around t=33, yellow box appears)
- Uses the key to open doors
- Eventually reaches a green goal square (around t=41, green square visible at t=41, t=42, and stays there)

Both trajectories show:
1. Agent navigating through the maze
2. Collecting a key
3. Opening doors with the key
4. Reaching the green goal square

The Query trajectory successfully completes all the required steps: key collection, door opening, and reaching the goal.

Success","reen goal square (t=42 onwards, green square appears)

In the Query trajectory (t=0 to t=47):
- The agent moves through the environment
- Collects a key (around t=33, yellow box appears)
- Uses the key to open doors
- Eventually reaches a green goal square (around t=41, green square visible at t=41, t=42, and stays there)

Both trajectories show:
1. Agent navigating through the maze
2. Collecting a key
3. Opening doors with the key
4. Reaching the green goal square

The Query trajectory successfully completes all the required steps: key collection, door opening, and reaching the goal.

Success",,,,,
98,DR.multiroom.multiroom_s000000.multiroom_s000001.nocue.orig.style.neu,multiroom,multiroom_s000001,nocue,style,neu,Success,Success,recoverable,Success,recoverable,False,1043,"I need to compare the Query trajectory to the Reference trajectory to determine if it completes the same task.

First, let me analyze the Reference trajectory:
- The agent (red triangle) starts at the bottom and navigates through a maze
- It collects a yellow key (t=18), then opens a yellow door (t=24)
- It collects a green key (t=35), then opens a green door (t=42)
- Finally reaches a green goal square (t=47) - this is success

Now analyzing the Query trajectory:
- The agent starts similarly, navigating through corridors
- It collects a yellow key around t=33, opens yellow doors
- It collects a green key around t=38-40
- At t=41, it opens a green door and reaches a green goal square

Both trajectories show:
1. Starting from initial position
2. Collecting a yellow key to open yellow doors
3. Collecting a green key to open green doors
4. Reaching the final green goal square

The Query trajectory follows the same task structure and successfully reaches the green goal, completing the same multi-step task as the reference.

Success","ing the Query trajectory:
- The agent starts similarly, navigating through corridors
- It collects a yellow key around t=33, opens yellow doors
- It collects a green key around t=38-40
- At t=41, it opens a green door and reaches a green goal square

Both trajectories show:
1. Starting from initial position
2. Collecting a yellow key to open yellow doors
3. Collecting a green key to open green doors
4. Reaching the final green goal square

The Query trajectory follows the same task structure and successfully reaches the green goal, completing the same multi-step task as the reference.

Success",,,,,
106,DR.multiroom.multiroom_s000000.multiroom_s000002.nocue.orig.clean.neu,multiroom,multiroom_s000002,nocue,clean,neu,Success,Success,recoverable,Success,recoverable,False,1027,"I need to analyze both trajectories to determine if the query trajectory completes the same task as the reference.

Looking at the reference trajectory (Known Success):
- The agent (red triangle) navigates through the environment
- At t=16, a yellow/green square appears (likely a key or object to collect)
- The agent collects this object and continues navigating
- At t=35, a green square appears and the agent reaches it at t=47 (goal)

Looking at the query trajectory:
- The agent navigates through a different but similar maze structure
- At t=37, a purple/blue square appears (similar to when key appeared in reference)
- The agent collects this and continues
- At t=47, a green square appears (the goal)
- At t=48, the agent reaches the green square

Both trajectories show:
1. Navigation through a maze
2. Collection of an intermediate object (key)
3. Reaching a green goal square at the end

The query trajectory successfully reaches the green goal square, completing the same task structure as the reference.

Success","t=47 (goal)

Looking at the query trajectory:
- The agent navigates through a different but similar maze structure
- At t=37, a purple/blue square appears (similar to when key appeared in reference)
- The agent collects this and continues
- At t=47, a green square appears (the goal)
- At t=48, the agent reaches the green square

Both trajectories show:
1. Navigation through a maze
2. Collection of an intermediate object (key)
3. Reaching a green goal square at the end

The query trajectory successfully reaches the green goal square, completing the same task structure as the reference.

Success",,,,,
107,DR.multiroom.multiroom_s000000.multiroom_s000002.nocue.orig.clean.pos,multiroom,multiroom_s000002,nocue,clean,pos,Success,Success,recoverable,Success,recoverable,False,1085,"I'll analyze both trajectories to determine if the query successfully completes the same task as the reference.

**Reference trajectory analysis:**
- The agent (red triangle) starts at the bottom
- There's a key (yellow square) that appears around t=16-17
- The agent picks up the key, then moves to a door (green square)
- At t=35, the agent reaches the green goal square and the episode ends successfully

The task appears to be: pick up the key, unlock/open the door, and reach the green goal.

**Query trajectory analysis:**
- The agent (red triangle) navigates through various rooms
- Around t=37, there's a purple/blue square (likely the key)
- The agent picks up the key and moves through corridors
- At t=47-48, the agent reaches the green goal square

Both trajectories show:
1. Navigation through the maze
2. Picking up a key (yellow in reference, purple in query - likely same object type)
3. Reaching the green goal square at the end

The query trajectory successfully navigates to and reaches the green goal square, completing the same objective as the reference.

Success","green goal.

**Query trajectory analysis:**
- The agent (red triangle) navigates through various rooms
- Around t=37, there's a purple/blue square (likely the key)
- The agent picks up the key and moves through corridors
- At t=47-48, the agent reaches the green goal square

Both trajectories show:
1. Navigation through the maze
2. Picking up a key (yellow in reference, purple in query - likely same object type)
3. Reaching the green goal square at the end

The query trajectory successfully navigates to and reaches the green goal square, completing the same objective as the reference.

Success",,,,,
109,DR.multiroom.multiroom_s000000.multiroom_s000002.nocue.orig.style.neu,multiroom,multiroom_s000002,nocue,style,neu,Success,Fail,recoverable,Fail,recoverable,False,555,"Fail

The reference trajectory shows the agent (red triangle) navigating to and interacting with a green goal square, which becomes highlighted in bright green at the end (t=47-48), indicating successful task completion.

The query trajectory shows the agent navigating through the environment but ending at a purple square (t=47-48) rather than a green goal square. The purple square does not become highlighted, indicating the agent failed to reach the actual goal. The agent appears to have explored extensively but ultimately reached the wrong target.","Fail

The reference trajectory shows the agent (red triangle) navigating to and interacting with a green goal square, which becomes highlighted in bright green at the end (t=47-48), indicating successful task completion.

The query trajectory shows the agent navigating through the environment but ending at a purple square (t=47-48) rather than a green goal square. The purple square does not become highlighted, indicating the agent failed to reach the actual goal. The agent appears to have explored extensively but ultimately reached the wrong target.",,,,,
110,DR.redblue.redblue_s000000.redblue_s000001.cf.orig.clean.neu,redblue,redblue_s000001,cf,clean,neu,Fail,Success,recoverable,Success,recoverable,False,2262,"I need to analyze these two trajectories to determine if the Query trajectory successfully completes the same task as the Reference trajectory.

Let me analyze the Reference trajectory:
- The agent (blue square) starts at top-left and needs to reach the goal (red triangle)
- The red squares appear to be doors that need to be opened
- At t=0, agent is at start, red triangle (goal) is at bottom
- The agent navigates through, opening doors (red squares), and eventually reaches the red triangle
- By t=11, the agent reaches the goal position (red triangle)
- The trajectory continues showing the agent has successfully completed the task

Now analyzing the Query trajectory:
- At t=0, the agent starts at a similar position with the goal (red triangle) visible below
- The agent navigates through doors (red squares), opening them
- Following the path: t=0 → t=1 (opens door) → continues navigating
- At t=7, the agent appears to reach near the goal area
- Looking at t=7, the agent seems to be at the goal position with the red triangle
- The trajectory continues to t=18, but importantly, the agent reaches the goal

Wait, let me look more carefully. In the Query trajectory, I need to check if the agent actually reaches the red triangle goal.

Looking at the Query trajectory more carefully:
- The red triangle (goal) is consistently at the bottom area
- The agent (small red square in Query, or is it the blue square?) 

Actually, re-looking: In Reference, blue square is agent, red triangle is goal, red square is door.
In Query, the agent appears to be a small red square, and doors are also red squares? Or is the agent the blue square?

Looking more carefully at Query - I don't see a blue square. The small red square appears to be the agent. The red triangles are goals. The larger red squares appear to be doors.

Tracing the Query: The agent (small red dot) moves through, opens doors, and at t=7 reaches the goal area. But does it actually reach the red triangle?

Looking at t=7 in Query: The agent appears to be at a door, not at the goal triangle. The goal triangle is to the right.

Actually, comparing t=11 in Reference (agent reaches goal) vs Query at similar timestamps...

In Query at t=11, the agent is still navigating and hasn't reached","refully at Query - I don't see a blue square. The small red square appears to be the agent. The red triangles are goals. The larger red squares appear to be doors.

Tracing the Query: The agent (small red dot) moves through, opens doors, and at t=7 reaches the goal area. But does it actually reach the red triangle?

Looking at t=7 in Query: The agent appears to be at a door, not at the goal triangle. The goal triangle is to the right.

Actually, comparing t=11 in Reference (agent reaches goal) vs Query at similar timestamps...

In Query at t=11, the agent is still navigating and hasn't reached",,,,,
124,DR.redblue.redblue_s000000.redblue_s000002.cf.orig.clean.neg,redblue,redblue_s000002,cf,clean,neg,Fail,Fail,recoverable,Fail,recoverable,False,1348,"I need to analyze both trajectories to determine if the query trajectory completes the same task as the reference.

**Reference Trajectory Analysis:**
- The agent (blue square) starts at t=0 and navigates through the environment
- There's a red triangle (likely the goal/target) and a red square (likely a key or object to collect)
- At t=2, the agent collects the red square (it's no longer visible, agent is there)
- The agent then navigates to reach the red triangle
- By t=17, the agent reaches the red triangle (success)

**Query Trajectory Analysis:**
- The agent navigates through similar corridor structures
- At t=3, there's a red square visible in the upper right
- The agent moves around but I need to check if it collects the red square and reaches the goal
- Looking at t=4 through t=24, the agent continues moving through corridors
- The red triangle (goal) appears to be in the lower portion of the visible frames
- At t=24, the agent is still navigating and hasn't clearly reached the red triangle goal

Comparing the two: The reference trajectory shows a clear successful completion where the agent collects the object and reaches the goal in 17 steps. The query trajectory shows the agent wandering through corridors for 25 steps without clearly completing the task - the agent doesn't appear to reach the red triangle goal.

Fail"," and reaches the goal
- Looking at t=4 through t=24, the agent continues moving through corridors
- The red triangle (goal) appears to be in the lower portion of the visible frames
- At t=24, the agent is still navigating and hasn't clearly reached the red triangle goal

Comparing the two: The reference trajectory shows a clear successful completion where the agent collects the object and reaches the goal in 17 steps. The query trajectory shows the agent wandering through corridors for 25 steps without clearly completing the task - the agent doesn't appear to reach the red triangle goal.

Fail",,,,,
114,DR.redblue.redblue_s000000.redblue_s000001.full.orig.clean.neu,redblue,redblue_s000001,full,clean,neu,Success,Success,recoverable,Success,recoverable,False,339,"Success

Both trajectories show the agent (blue square) starting from the same initial position and successfully navigating to reach the goal (red triangle), with the key (red square) being collected along the way. The query trajectory follows a similar pattern of exploration and ultimately reaches the goal position, completing the task.","Success

Both trajectories show the agent (blue square) starting from the same initial position and successfully navigating to reach the goal (red triangle), with the key (red square) being collected along the way. The query trajectory follows a similar pattern of exploration and ultimately reaches the goal position, completing the task.",,,,,
115,DR.redblue.redblue_s000000.redblue_s000001.full.orig.clean.pos,redblue,redblue_s000001,full,clean,pos,Success,Success,recoverable,Success,recoverable,False,1262,"I need to compare the Query trajectory to the Reference trajectory to determine if it completes the same task.

Let me analyze the key elements:
- The red triangle appears to be the agent
- The blue square appears to be the goal
- The red outlined square appears to be a key or object to collect

Looking at the Reference trajectory:
- At t=0, agent starts at bottom, key is at top-left
- Agent moves to collect the key (around t=3-t=4)
- After collecting key, agent navigates toward goal
- Agent reaches goal around t=11-t=12 and stays near it

Looking at the Query trajectory:
- At t=0, agent starts at bottom, key is at top-left (similar setup)
- Agent moves to collect the key (around t=3-t=4)
- After collecting key, agent navigates through the environment
- The agent appears to successfully navigate and reach the goal area

Both trajectories show:
1. Starting from similar positions
2. Successfully collecting the key (red outlined square disappears when agent reaches it)
3. Navigating through the maze structure
4. Reaching the goal location (blue square)

The Query trajectory follows a similar pattern of collecting the key first, then navigating to the goal. The agent in the query successfully reaches the goal area and completes the task.

Success","to collect the key (around t=3-t=4)
- After collecting key, agent navigates through the environment
- The agent appears to successfully navigate and reach the goal area

Both trajectories show:
1. Starting from similar positions
2. Successfully collecting the key (red outlined square disappears when agent reaches it)
3. Navigating through the maze structure
4. Reaching the goal location (blue square)

The Query trajectory follows a similar pattern of collecting the key first, then navigating to the goal. The agent in the query successfully reaches the goal area and completes the task.

Success",,,,,
128,DR.redblue.redblue_s000000.redblue_s000002.full.orig.clean.neg,redblue,redblue_s000002,full,clean,neg,Success,Success,recoverable,Success,recoverable,False,935,"Looking at these trajectories, I need to compare the query to the reference to determine if the task is completed successfully.

In the reference trajectory:
- The agent (blue square) starts at top-left and navigates through the maze
- The red triangle appears to be a goal or marker
- The agent successfully reaches the red triangle by t=17

In the query trajectory:
- The agent navigates through a similar maze structure
- The red triangles appear in comparable positions
- Following the path from t=0 to t=24, the agent reaches the final position near the red triangle

Looking at the end states: In the reference, the agent reaches the goal at t=17. In the query, at t=24, the agent (blue square) is positioned at the bottom near the red triangle, in a position similar to where the reference successfully completed.

The query trajectory appears to successfully navigate to the goal position, though taking a longer path.

Success","y t=17

In the query trajectory:
- The agent navigates through a similar maze structure
- The red triangles appear in comparable positions
- Following the path from t=0 to t=24, the agent reaches the final position near the red triangle

Looking at the end states: In the reference, the agent reaches the goal at t=17. In the query, at t=24, the agent (blue square) is positioned at the bottom near the red triangle, in a position similar to where the reference successfully completed.

The query trajectory appears to successfully navigate to the goal position, though taking a longer path.

Success",,,,,
126,DR.redblue.redblue_s000000.redblue_s000002.full.orig.clean.neu,redblue,redblue_s000002,full,clean,neu,Success,Success,recoverable,Success,recoverable,False,1071,"I need to analyze both trajectories to determine if the query trajectory completes the same task as the reference.

**Reference Trajectory Analysis:**
- The agent (red triangle) starts at t=0 and navigates through the environment
- There's a blue square (goal) that appears at t=11
- The agent reaches the blue square at t=16 and stays there through t=17
- The task appears to be: navigate to and reach the blue goal square

**Query Trajectory Analysis:**
- The agent starts at t=0 and navigates through a similar maze structure
- The blue square (goal) appears at t=3
- The agent moves around the environment, visiting various locations
- At t=18, the agent reaches the blue square
- The agent stays at/near the blue square through t=24

Both trajectories show:
1. An agent navigating through a maze environment
2. A blue goal square appearing at some point
3. The agent eventually reaching and staying at the blue goal square

The query trajectory successfully reaches the blue goal and remains there, completing the same objective as the reference trajectory.

Success","rts at t=0 and navigates through a similar maze structure
- The blue square (goal) appears at t=3
- The agent moves around the environment, visiting various locations
- At t=18, the agent reaches the blue square
- The agent stays at/near the blue square through t=24

Both trajectories show:
1. An agent navigating through a maze environment
2. A blue goal square appearing at some point
3. The agent eventually reaching and staying at the blue goal square

The query trajectory successfully reaches the blue goal and remains there, completing the same objective as the reference trajectory.

Success",,,,,
127,DR.redblue.redblue_s000000.redblue_s000002.full.orig.clean.pos,redblue,redblue_s000002,full,clean,pos,Success,Success,recoverable,Success,recoverable,False,926,"I need to compare the query trajectory against the reference trajectory to determine if it completes the same task.

Looking at the reference trajectory:
- The agent (red triangle) starts at the bottom and navigates through the maze
- It collects red square objects along the way
- Eventually reaches the blue square (goal) at t=16 and stays there through t=17

Looking at the query trajectory:
- The agent also navigates through a similar maze structure
- It collects red square objects (visible at t=4, t=6, t=8, t=10, t=14, t=16, t=18)
- At t=18, the agent reaches the blue square (goal)
- At t=19, t=20, t=21, t=22, t=23, t=24, the agent remains at/near the blue square goal

Both trajectories show the agent successfully navigating to and reaching the blue square goal. The query trajectory reaches the goal at t=18 and remains there, similar to how the reference trajectory reaches the goal at t=16 and remains.

Success"," t=16 and stays there through t=17

Looking at the query trajectory:
- The agent also navigates through a similar maze structure
- It collects red square objects (visible at t=4, t=6, t=8, t=10, t=14, t=16, t=18)
- At t=18, the agent reaches the blue square (goal)
- At t=19, t=20, t=21, t=22, t=23, t=24, the agent remains at/near the blue square goal

Both trajectories show the agent successfully navigating to and reaching the blue square goal. The query trajectory reaches the goal at t=18 and remains there, similar to how the reference trajectory reaches the goal at t=16 and remains.

Success",,,,,
129,DR.redblue.redblue_s000000.redblue_s000002.full.orig.style.neu,redblue,redblue_s000002,full,style,neu,Success,Success,recoverable,Success,recoverable,False,2251,"I need to analyze these two trajectories to determine if the Query trajectory successfully completes the same task as the Reference trajectory.

Let me analyze the Reference trajectory first:
- The agent (blue square) starts at top-left area and moves through the maze
- There's a red triangle (goal/objective) that the agent approaches
- At t=0 to t=3: Agent moves right and down, approaching a red goal
- At t=4 to t=7: Agent continues navigating, the red triangle appears in different positions
- At t=8 to t=11: Agent moves through corridors, eventually reaching the red triangle at t=11
- At t=12 to t=17: After reaching the goal, the agent continues moving and ends at bottom area

Wait, let me re-examine. Looking more carefully - the red triangle seems to be a goal or object to reach. In the Reference, the agent (blue) navigates through the maze and at t=11 appears to reach the red triangle. Then continues to t=17 where it ends near a red triangle at bottom.

Actually, re-looking: The agent needs to reach the goal. In Reference, starting from top-left, navigating through maze, and successfully reaching goals. The pattern shows the agent making progress through the maze structure.

For the Query trajectory:
- Agent starts at t=0, moves through maze
- At t=2, agent is at top area
- Continues navigating through corridors, passing various red triangles
- At t=18, agent reaches a red triangle
- Continues to t=24, ending near bottom with red triangle

The key pattern in Reference: The agent successfully navigates from start to goal, making coherent progress through the maze corridors, reaching the objective.

In Query: The agent also makes coherent progress through similar maze structures, navigating corridors logically, and appears to reach goal positions. The trajectory shows consistent movement through passable areas, reaching what appears to be goal locations.

Both trajectories show:
- Similar maze structure navigation
- Logical movement through corridors
- Reaching red triangle goals
- Similar overall pattern of exploration and goal-reaching

The Query trajectory demonstrates successful navigation through the maze, reaching goals, and completing what appears to be the same task objective as the Reference.

Success","so makes coherent progress through similar maze structures, navigating corridors logically, and appears to reach goal positions. The trajectory shows consistent movement through passable areas, reaching what appears to be goal locations.

Both trajectories show:
- Similar maze structure navigation
- Logical movement through corridors
- Reaching red triangle goals
- Similar overall pattern of exploration and goal-reaching

The Query trajectory demonstrates successful navigation through the maze, reaching goals, and completing what appears to be the same task objective as the Reference.

Success",,,,,
120,DR.redblue.redblue_s000000.redblue_s000001.nocue.orig.clean.neg,redblue,redblue_s000001,nocue,clean,neg,Success,Fail,recoverable,Fail,recoverable,False,641,"Fail

The reference trajectory shows the agent (blue square) successfully navigating to the goal (red triangle) and completing the task. In the query trajectory, the agent appears to get stuck or wander without successfully reaching the goal in the same manner. The query trajectory has different state transitions and doesn't show the same successful completion pattern - the agent's position at the end doesn't indicate task completion, and the trajectory extends longer without clear success indicators. The key differences in agent movement and final state position indicate failure to complete the task as demonstrated in the reference.","agent (blue square) successfully navigating to the goal (red triangle) and completing the task. In the query trajectory, the agent appears to get stuck or wander without successfully reaching the goal in the same manner. The query trajectory has different state transitions and doesn't show the same successful completion pattern - the agent's position at the end doesn't indicate task completion, and the trajectory extends longer without clear success indicators. The key differences in agent movement and final state position indicate failure to complete the task as demonstrated in the reference.",,,,,
119,DR.redblue.redblue_s000000.redblue_s000001.nocue.orig.clean.pos,redblue,redblue_s000001,nocue,clean,pos,Success,Success,recoverable,Success,recoverable,False,1319,"I need to compare the Query trajectory to the Reference trajectory to determine if it completes the same task goal.

Let me analyze the key elements:
- Both show a red triangle (agent) and a blue square (goal)
- The environment has gray walls and black floor

**Reference trajectory analysis:**
- Starts with agent at bottom, goal at top-left
- Agent moves up, collects a red square object (t=2-t=3), then continues
- Eventually reaches the blue square goal around t=15-t=18

**Query trajectory analysis:**
- Starts with agent at bottom, goal at top-right (t=0)
- Agent moves up, collects a red square object (t=2-t=3)
- Continues navigating through the maze
- At t=12, the agent is at the blue square (goal)
- Continues to t=18 where agent is still near/navigation complete

Looking at the goal positions and paths:
- In Reference: goal starts top-left, agent navigates to reach it by end
- In Query: goal starts top-right, agent reaches it by t=12 and continues moving but has successfully reached the goal

Both trajectories show the agent successfully reaching the blue square goal. The Query trajectory reaches the goal (blue square) at around t=12 and the agent is positioned at the goal location.

The key success criterion is whether the agent reaches the blue square goal, which happens in both cases.

Success","s to t=18 where agent is still near/navigation complete

Looking at the goal positions and paths:
- In Reference: goal starts top-left, agent navigates to reach it by end
- In Query: goal starts top-right, agent reaches it by t=12 and continues moving but has successfully reached the goal

Both trajectories show the agent successfully reaching the blue square goal. The Query trajectory reaches the goal (blue square) at around t=12 and the agent is positioned at the goal location.

The key success criterion is whether the agent reaches the blue square goal, which happens in both cases.

Success",,,,,
121,DR.redblue.redblue_s000000.redblue_s000001.nocue.orig.style.neu,redblue,redblue_s000001,nocue,style,neu,Success,Success,recoverable,Success,recoverable,False,1880,"I need to compare the Reference and Query trajectories to determine if the Query also completes the task.

First, let me analyze the Reference trajectory:
- The blue square represents the agent
- The red triangle represents the goal
- The red square appears to be some object/key that needs to be collected

In the Reference (t=0 to t=17):
- At t=0, the agent starts at top-left
- The agent moves through the maze, collects the red square (key) at some point
- At t=11, the agent reaches the goal (red triangle) and appears to complete the task
- The trajectory continues with the agent moving around but the key accomplishment seems to be reaching the goal

Actually, looking more carefully:
- The red square is likely a key that needs to be picked up
- The red triangle is the goal/door that needs to be unlocked

In Reference:
- Agent collects key around t=2-t=3 (red square disappears from environment)
- Agent reaches goal area and trajectory ends successfully

In Query (t=0 to t=18):
- At t=0, agent starts at top-left
- At t=1, agent moves down
- At t=2, agent collects the red square (key) 
- The agent navigates through the maze with the key
- At t=10, the agent reaches the goal (red triangle) with the key
- The trajectory continues but the key accomplishment - reaching the goal with the key - appears to happen

Wait, let me re-examine. Looking at t=10 in Query: the agent (blue) is at the same position as the goal (red triangle), and the red square (key) is no longer visible as a separate object (collected).

Comparing the final states:
- Reference ends with agent near goal, having successfully navigated
- Query also shows the agent reaching the goal area

The key pattern: both trajectories show the agent successfully collecting the key and reaching the goal. The Query trajectory at t=10 shows the agent at the goal position with the key collected.

Success","ng the goal with the key - appears to happen

Wait, let me re-examine. Looking at t=10 in Query: the agent (blue) is at the same position as the goal (red triangle), and the red square (key) is no longer visible as a separate object (collected).

Comparing the final states:
- Reference ends with agent near goal, having successfully navigated
- Query also shows the agent reaching the goal area

The key pattern: both trajectories show the agent successfully collecting the key and reaching the goal. The Query trajectory at t=10 shows the agent at the goal position with the key collected.

Success",,,,,
132,DR.redblue.redblue_s000000.redblue_s000002.nocue.orig.clean.neg,redblue,redblue_s000002,nocue,clean,neg,Success,Success,recoverable,Success,recoverable,False,2473,"I need to compare the query trajectory against the reference trajectory to determine if it completes the same task.

Let me analyze the reference trajectory:
- The agent (blue square) starts at top-left and needs to reach the goal (red triangle)
- The key (red square) appears to be collected around t=3-4
- The agent navigates through the maze, collects the key, and eventually reaches the goal
- By t=17-18, the agent reaches the goal (red triangle)

Now analyzing the query trajectory:
- The agent starts with the key already (blue square with key indicator)
- The agent navigates through various rooms
- Looking at the pattern, the agent seems to be searching for something
- At t=18, the agent appears to reach the red triangle (goal)
- The trajectory continues to t=24

Wait, let me look more carefully. In the reference, the goal is the red triangle that stays fixed. The agent needs to reach it. In the reference, the agent successfully reaches the red triangle by the end.

In the query, looking at t=18, the agent (blue) appears to be at the same position as the red triangle. But let me check if this is actually reaching the goal or just passing by.

Looking more carefully at the query trajectory - the red triangles appear in multiple positions, which suggests these might be hazards/enemies rather than the goal. Actually, re-examining: in MiniGrid, the red triangle is typically the goal.

In the reference, there's exactly one red triangle (goal) that the agent reaches at the end.

In the query, I see multiple red triangles appearing throughout. This seems like a different configuration or the agent is encountering hazards. Actually, looking again - these appear to be the same environment layout.

Re-examining: The reference shows the agent successfully navigating to and reaching the goal. The query shows the agent moving around but at t=18, the agent (blue square) appears to reach a position where the red triangle is, suggesting potential success.

However, looking more carefully at the query's later timesteps (t=19-24), the agent continues moving past where it would have stopped if it successfully completed the task. In successful MiniGrid episodes, the agent typically stops or the episode ends when reaching the goal.

The query trajectory continues well past what seems like goal arrival, suggesting the agent may not have actually completed the task properly, or is continuing to explore rather than terminating successfully.

Comparing","ent (blue square) appears to reach a position where the red triangle is, suggesting potential success.

However, looking more carefully at the query's later timesteps (t=19-24), the agent continues moving past where it would have stopped if it successfully completed the task. In successful MiniGrid episodes, the agent typically stops or the episode ends when reaching the goal.

The query trajectory continues well past what seems like goal arrival, suggesting the agent may not have actually completed the task properly, or is continuing to explore rather than terminating successfully.

Comparing",,,,,
130,DR.redblue.redblue_s000000.redblue_s000002.nocue.orig.clean.neu,redblue,redblue_s000002,nocue,clean,neu,Success,Success,recoverable,Success,recoverable,False,1542,"I need to analyze these two trajectories to determine if they complete the same task.

Looking at the Reference trajectory:
- The agent (blue square) starts at top-left
- The goal appears to be reaching the red triangle
- The agent navigates through the maze, and by t=16-t=17, the blue square reaches the red triangle's position

Looking at the Query trajectory:
- The agent (blue square) also navigates through a similar maze structure
- The red triangles appear in various positions
- Following the blue square's path: it starts at t=2, moves through the maze
- At t=18, the blue square appears to reach a red triangle
- Then continues moving and at t=24, the blue square is at the bottom near a red triangle

Wait, let me look more carefully. In the reference, the agent reaches the goal (red triangle) and stays there. The key is whether the query agent successfully reaches the goal.

In the reference: The blue square reaches the red triangle around t=16-17 and they overlap, indicating success.

In the query: Looking at t=18, the blue square and red triangle appear to be at the same position (overlapping or very close). Then the agent continues moving... actually looking more carefully at t=24, the blue square is positioned right at the red triangle at the bottom.

Actually, re-examining: The query shows the agent reaching the goal position. The trajectory structure matches - both navigate through corridors and reach the red triangle goal. The query successfully completes the same navigation task to reach the goal.

Success","riangle around t=16-17 and they overlap, indicating success.

In the query: Looking at t=18, the blue square and red triangle appear to be at the same position (overlapping or very close). Then the agent continues moving... actually looking more carefully at t=24, the blue square is positioned right at the red triangle at the bottom.

Actually, re-examining: The query shows the agent reaching the goal position. The trajectory structure matches - both navigate through corridors and reach the red triangle goal. The query successfully completes the same navigation task to reach the goal.

Success",,,,,
131,DR.redblue.redblue_s000000.redblue_s000002.nocue.orig.clean.pos,redblue,redblue_s000002,nocue,clean,pos,Success,Success,recoverable,Success,recoverable,False,1976,"I need to compare the query trajectory to the reference trajectory to determine if it completes the same task.

Let me analyze the reference trajectory:
- The agent (red triangle) starts in a specific room
- It navigates through hallways, encountering doors (red squares that open)
- The goal appears to be the blue square at the end
- At t=16-17, the agent reaches the blue square and the task completes

Now analyzing the query trajectory:
- The agent starts in a similar position and navigates through similar hallways
- It also encounters and opens doors (red squares)
- The agent navigates through multiple rooms and hallways
- At t=18, the agent reaches a blue square, then continues moving through t=19-24
- At t=20, t=21, t=22, t=23, t=24, the agent is still moving around near blue squares

Wait, let me look more carefully. In the query, at t=18 the agent reaches a blue square, but then continues to move. At t=20, t=21, t=22, t=23, t=24, the agent is still navigating and ends at t=24 near a blue square.

Actually, looking more carefully at the pattern - in the reference, once the agent reaches the blue square (t=16), it stays there and the trajectory ends (t=17 shows completion). In the query, the agent reaches blue squares multiple times (t=3, t=18, t=19, t=20, t=21, t=22, t=23, t=24) but keeps moving.

However, the key question is whether the task goal is completed. The query shows the agent successfully navigating to blue squares and continuing to explore. But looking at t=24, the agent is still active.

Actually, re-examining: the query trajectory ends at t=24 with the agent near a blue square. The pattern of exploration and door-opening matches the reference. The agent successfully navigates the maze, opens doors, and reaches goal locations.

The query demonstrates successful navigation through the environment, opening doors, and reaching goal positions. The trajectory shows competent handling of the task similar to the reference.

Success","s completed. The query shows the agent successfully navigating to blue squares and continuing to explore. But looking at t=24, the agent is still active.

Actually, re-examining: the query trajectory ends at t=24 with the agent near a blue square. The pattern of exploration and door-opening matches the reference. The agent successfully navigates the maze, opens doors, and reaches goal locations.

The query demonstrates successful navigation through the environment, opening doors, and reaching goal positions. The trajectory shows competent handling of the task similar to the reference.

Success",,,,,
133,DR.redblue.redblue_s000000.redblue_s000002.nocue.orig.style.neu,redblue,redblue_s000002,nocue,style,neu,Success,Success,recoverable,Success,recoverable,False,1141,"I need to analyze both trajectories to determine if they complete the same task.

In MiniGrid environments, the typical goal is to reach the blue square (goal) while avoiding red triangles (lava/hazards).

**Reference trajectory analysis:**
- The agent (implied position, likely where the blue square ends up) starts and navigates through the maze
- At t=16 and t=17, the agent reaches the blue square at the bottom of the maze
- The trajectory ends with the agent at the goal (blue square)
- This is marked as ""Known Success""

**Query trajectory analysis:**
- The agent navigates through a similar maze structure
- Following the path: starts at top, moves through various corridors
- At t=18, t=19, t=20, t=21, t=22, t=23, t=24 - the agent reaches and stays at the blue square at the bottom
- The trajectory ends with the agent successfully at the goal (blue square)

Both trajectories:
1. Navigate through the maze avoiding red triangles (lava)
2. Successfully reach the blue square (goal)
3. End at the goal location

The query trajectory successfully completes the task by reaching the blue goal square, just like the reference.

Success","ctory analysis:**
- The agent navigates through a similar maze structure
- Following the path: starts at top, moves through various corridors
- At t=18, t=19, t=20, t=21, t=22, t=23, t=24 - the agent reaches and stays at the blue square at the bottom
- The trajectory ends with the agent successfully at the goal (blue square)

Both trajectories:
1. Navigate through the maze avoiding red triangles (lava)
2. Successfully reach the blue square (goal)
3. End at the goal location

The query trajectory successfully completes the task by reaching the blue goal square, just like the reference.

Success",,,,,
